Timestamp,"Grado escolar (Aula de cómputo u oficinas marcar ""otro"")",Grupo,¿Cuántos alumnos en total asistieron a clase a este salón de clase el día de hoy?, ¿Se reportó HOY algún nuevo caso de Covid en alguna persona que haya usado este salón de clase  (personal docente o alumnos)?,¿Cuál de las siguientes opciones describe mejor el uso del cubre bocas en este salón de clase?,¿Cuál de las siguientes opciones describe mejor el uso del purificador el día de hoy?,¿Cuál es la razón por la que no fue usado o estuvo apagado temporalmente el purificador?,¿Cuál de las siguientes opciones describe mejor la situación de las ventanas de este salón de clase?,¿Por qué razón se decidió cerrar o mantener cerradas las ventanas durante la jornada escolar de hoy?,¿Cuál de las siguientes opciones describe mejor la situación de la puerta principal de este salón de clase?,¿Por qué razón se decidió cerrar o mantener cerrada la puerta durante la jornada escolar de hoy?,Turno,¿Puedes subir una foto o video  de tu salón de clases donde se vea el purificador y los alumnos (de espaldas)?
8/27/2021 12:29:59,5to,A,15,No,Todas las personas en este salón utilizaron el cubre bocas continuamente el día de hoy,El purificador se utilizó la totalidad de tiempo de clase (sin contar tiempo de recreo),,Las ventanas estuvieron abiertas toda la jornada escolar de hoy,,La puerta estuvo abierta toda la jornada escolar de hoy,,,
8/27/2021 12:30:01,3ero,B,15,No,Todas las personas en este salón utilizaron el cubre bocas continuamente el día de hoy,El purificador se utilizó la totalidad de tiempo de clase (sin contar tiempo de recreo),,Las ventanas estuvieron abiertas toda la jornada escolar de hoy,,La puerta estuvo abierta toda la jornada escolar de hoy,,,
8/27/2021 12:30:20,3ero,A,15,No,Todas las personas en este salón utilizaron el cubre bocas continuamente el día de hoy,El purificador se utilizó la totalidad de tiempo de clase (sin contar tiempo de recreo),,Las ventanas estuvieron abiertas toda la jornada escolar de hoy,,La puerta estuvo abierta toda la jornada escolar de hoy,,,
8/27/2021 12:30:23,4to,B,15,No,Todas las personas en este salón utilizaron el cubre bocas continuamente el día de hoy,El purificador se utilizó la totalidad de tiempo de clase (sin contar tiempo de recreo),,Las ventanas estuvieron abiertas toda la jornada escolar de hoy,,La puerta estuvo abierta toda la jornada escolar de hoy,,,
8/27/2021 12:30:26,2do,B,15,No,Todas las personas en este salón utilizaron el cubre bocas continuamente el día de hoy,El purificador se utilizó la totalidad de tiempo de clase (sin contar tiempo de recreo),,Las ventanas estuvieron abiertas más de la mitad del tiempo de la jornada escolar de hoy,Por el ruido ,La puerta estuvo abierta toda la jornada escolar de hoy,,,
8/27/2021 12:30:32,1ero,B,10,No sabe,Todas las personas en este salón utilizaron el cubre bocas continuamente el día de hoy,El purificador se utilizó la totalidad de tiempo de clase (sin contar tiempo de recreo),,Las ventanas estuvieron abiertas toda la jornada escolar de hoy,,La puerta estuvo abierta toda la jornada escolar de hoy,,,
8/27/2021 12:30:36,6to,A,15,No,Todas las personas en este salón utilizaron el cubre bocas continuamente el día de hoy,El purificador se utilizó la totalidad de tiempo de clase (sin contar tiempo de recreo),,Las ventanas estuvieron abiertas toda la jornada escolar de hoy,,La puerta estuvo abierta toda la jornada escolar de hoy,,,
8/27/2021 12:30:39,6to,B,15,No,Todas las personas en este salón utilizaron el cubre bocas continuamente el día de hoy,El purificador se utilizó la totalidad de tiempo de clase (sin contar tiempo de recreo),,Las ventanas estuvieron abiertas más de la mitad del tiempo de la jornada escolar de hoy,,La puerta estuvo abierta toda la jornada escolar de hoy,,,
8/27/2021 12:30:55,4to,A,15,No,Todas las personas en este salón utilizaron el cubre bocas continuamente el día de hoy,El purificador se utilizó la totalidad de tiempo de clase (sin contar tiempo de recreo),,Las ventanas estuvieron abiertas toda la jornada escolar de hoy,,La puerta estuvo abierta toda la jornada escolar de hoy,,,
8/27/2021 12:31:23,1ero,A,15,No,Todas las personas en este salón utilizaron el cubre bocas continuamente el día de hoy,El purificador se utilizó la totalidad de tiempo de clase (sin contar tiempo de recreo),,Las ventanas estuvieron abiertas toda la jornada escolar de hoy,,La puerta estuvo abierta más de la mitad del tiempo de la jornada escolar de hoy,,,
8/27/2021 12:31:36,Otro,No aplica,15,No,Todas las personas en este salón utilizaron el cubre bocas continuamente el día de hoy,El purificador se utilizó la totalidad de tiempo de clase (sin contar tiempo de recreo),,Las ventanas permanecieron cerradas toda la jornada escolar de hoy,No se pueden abtir,La puerta estuvo abierta toda la jornada escolar de hoy,,,
8/27/2021 12:31:52,1ero,A,15,No,Todas las personas en este salón utilizaron el cubre bocas continuamente el día de hoy,El purificador se utilizó la totalidad de tiempo de clase (sin contar tiempo de recreo),,Las ventanas estuvieron abiertas toda la jornada escolar de hoy,,La puerta estuvo abierta toda la jornada escolar de hoy,,,
8/30/2021 11:45:51,1ero,A,4,No,Todas las personas en este salón utilizaron el cubre bocas continuamente el día de hoy,El purificador se utilizó la totalidad de tiempo de clase (sin contar tiempo de recreo),,Las ventanas estuvieron abiertas toda la jornada escolar de hoy,,La puerta estuvo abierta toda la jornada escolar de hoy,,Matutino,
8/30/2021 12:47:12,6to,A,7,No,Todas las personas en este salón utilizaron el cubre bocas continuamente el día de hoy,El purificador se utilizó la totalidad de tiempo de clase (sin contar tiempo de recreo),,Las ventanas estuvieron abiertas toda la jornada escolar de hoy,,La puerta estuvo abierta toda la jornada escolar de hoy,,Matutino,
8/30/2021 12:51:12,5to,A,3,No,Todas las personas en este salón utilizaron el cubre bocas continuamente el día de hoy,El purificador se utilizó la totalidad de tiempo de clase (sin contar tiempo de recreo),,Las ventanas estuvieron abiertas toda la jornada escolar de hoy,,La puerta estuvo abierta toda la jornada escolar de hoy,,Matutino,
8/30/2021 12:51:56,2do,A,6,No,Todas las personas en este salón utilizaron el cubre bocas continuamente el día de hoy,El purificador se utilizó la totalidad de tiempo de clase (sin contar tiempo de recreo),,Las ventanas estuvieron abiertas toda la jornada escolar de hoy,,La puerta estuvo abierta toda la jornada escolar de hoy,,Matutino,
8/30/2021 13:35:38,3ero,B,6,No,Todas las personas en este salón utilizaron el cubre bocas continuamente el día de hoy,El purificador se utilizó la totalidad de tiempo de clase (sin contar tiempo de recreo),,Las ventanas estuvieron abiertas toda la jornada escolar de hoy,,La puerta estuvo abierta toda la jornada escolar de hoy,,Matutino,
8/30/2021 13:39:03,6to,B,8,No,Todas las personas en este salón utilizaron el cubre bocas continuamente el día de hoy,El purificador se utilizó la totalidad de tiempo de clase (sin contar tiempo de recreo),,Las ventanas estuvieron abiertas toda la jornada escolar de hoy,,La puerta estuvo abierta toda la jornada escolar de hoy,,Matutino,
8/30/2021 14:04:25,3ero,A,10,No,Todas las personas en este salón utilizaron el cubre bocas continuamente el día de hoy,El purificador se utilizó la totalidad de tiempo de clase (sin contar tiempo de recreo),,Las ventanas estuvieron abiertas toda la jornada escolar de hoy,,La puerta estuvo abierta toda la jornada escolar de hoy,,Matutino,
8/30/2021 14:58:44,2do,B,5,No,Más de la mitad de las personas en este salón utilizaron cubre bocas continuamente el día de hoy,El purificador se utilizó la totalidad de tiempo de clase (sin contar tiempo de recreo),,Las ventanas estuvieron abiertas toda la jornada escolar de hoy,,La puerta estuvo abierta toda la jornada escolar de hoy,,Matutino,
8/30/2021 15:38:01,5to,B,7,No,Todas las personas en este salón utilizaron el cubre bocas continuamente el día de hoy,El purificador se utilizó la totalidad de tiempo de clase (sin contar tiempo de recreo),,Las ventanas estuvieron abiertas más de la mitad del tiempo de la jornada escolar de hoy,Las que estan de lado de turismo estan trabadas,La puerta estuvo abierta toda la jornada escolar de hoy,,Matutino,
8/30/2021 15:39:17,3ero,A,10,No,Todas las personas en este salón utilizaron el cubre bocas continuamente el día de hoy,El purificador se utilizó la totalidad de tiempo de clase (sin contar tiempo de recreo),,Las ventanas estuvieron abiertas toda la jornada escolar de hoy,,La puerta estuvo abierta toda la jornada escolar de hoy,,Matutino,
8/30/2021 15:45:41,4to,B,6,No sabe,Todas las personas en este salón utilizaron el cubre bocas continuamente el día de hoy,El purificador se utilizó la totalidad de tiempo de clase (sin contar tiempo de recreo),,Las ventanas estuvieron abiertas toda la jornada escolar de hoy,,La puerta estuvo abierta toda la jornada escolar de hoy,,Matutino,
8/30/2021 15:46:26,4to,A,6,No,Todas las personas en este salón utilizaron el cubre bocas continuamente el día de hoy,El purificador se utilizó la totalidad de tiempo de clase (sin contar tiempo de recreo),,Las ventanas estuvieron abiertas toda la jornada escolar de hoy,,La puerta estuvo abierta toda la jornada escolar de hoy,,Matutino,
8/30/2021 15:54:10,1ero,B,7,No,Todas las personas en este salón utilizaron el cubre bocas continuamente el día de hoy,El purificador se utilizó la totalidad de tiempo de clase (sin contar tiempo de recreo),,Las ventanas estuvieron abiertas toda la jornada escolar de hoy,,La puerta estuvo abierta toda la jornada escolar de hoy,,Matutino,
8/30/2021 17:49:09,5to,B,7,No,Todas las personas en este salón utilizaron el cubre bocas continuamente el día de hoy,El purificador se utilizó la totalidad de tiempo de clase (sin contar tiempo de recreo),,Las ventanas estuvieron abiertas toda la jornada escolar de hoy,,La puerta estuvo abierta toda la jornada escolar de hoy,,Matutino,
8/30/2021 18:48:51,1ero,No aplica,4,No,Todas las personas en este salón utilizaron el cubre bocas continuamente el día de hoy,El purificador se utilizó la totalidad de tiempo de clase (sin contar tiempo de recreo),,Las ventanas estuvieron abiertas toda la jornada escolar de hoy,,La puerta estuvo abierta toda la jornada escolar de hoy,,Vespertino,
8/30/2021 20:01:44,3ero,A,8,No,Todas las personas en este salón utilizaron el cubre bocas continuamente el día de hoy,El purificador se usó más de la mitad del tiempo,La hora del recreo se apago,Las ventanas estuvieron abiertas toda la jornada escolar de hoy,,La puerta estuvo abierta toda la jornada escolar de hoy,,Vespertino,
8/30/2021 21:03:21,4to,A,3,No,Todas las personas en este salón utilizaron el cubre bocas continuamente el día de hoy,El purificador se utilizó la totalidad de tiempo de clase (sin contar tiempo de recreo),,Las ventanas estuvieron abiertas toda la jornada escolar de hoy,,La puerta estuvo abierta toda la jornada escolar de hoy,,Vespertino,
8/30/2021 21:04:33,4to,A,3,No,Todas las personas en este salón utilizaron el cubre bocas continuamente el día de hoy,El purificador se utilizó la totalidad de tiempo de clase (sin contar tiempo de recreo),,Las ventanas estuvieron abiertas toda la jornada escolar de hoy,,La puerta estuvo abierta toda la jornada escolar de hoy,,Vespertino,
8/31/2021 12:18:28,3ero,A,4,No,Todas las personas en este salón utilizaron el cubre bocas continuamente el día de hoy,El purificador se utilizó la totalidad de tiempo de clase (sin contar tiempo de recreo),,Las ventanas estuvieron abiertas toda la jornada escolar de hoy,,La puerta estuvo abierta toda la jornada escolar de hoy,,Matutino,
8/31/2021 12:21:00,5to,A,7,No,Todas las personas en este salón utilizaron el cubre bocas continuamente el día de hoy,El purificador se utilizó la totalidad de tiempo de clase (sin contar tiempo de recreo),,Las ventanas estuvieron abiertas toda la jornada escolar de hoy,,La puerta estuvo abierta toda la jornada escolar de hoy,,Matutino,
8/31/2021 12:23:34,6to,A,5,No,Todas las personas en este salón utilizaron el cubre bocas continuamente el día de hoy,El purificador se utilizó la totalidad de tiempo de clase (sin contar tiempo de recreo),,Las ventanas estuvieron abiertas toda la jornada escolar de hoy,,La puerta estuvo abierta toda la jornada escolar de hoy,,Matutino,
8/31/2021 12:24:53,1ero,B,5,No,Todas las personas en este salón utilizaron el cubre bocas continuamente el día de hoy,El purificador se utilizó la totalidad de tiempo de clase (sin contar tiempo de recreo),,Las ventanas estuvieron abiertas toda la jornada escolar de hoy,,La puerta estuvo abierta toda la jornada escolar de hoy,,Matutino,
8/31/2021 12:25:37,4to,B,9,No sabe,Todas las personas en este salón utilizaron el cubre bocas continuamente el día de hoy,El purificador se utilizó la totalidad de tiempo de clase (sin contar tiempo de recreo),,Las ventanas estuvieron abiertas toda la jornada escolar de hoy,,La puerta estuvo abierta toda la jornada escolar de hoy,,Matutino,
8/31/2021 12:26:27,4to,A,4,No,Todas las personas en este salón utilizaron el cubre bocas continuamente el día de hoy,El purificador se utilizó la totalidad de tiempo de clase (sin contar tiempo de recreo),,Las ventanas estuvieron abiertas toda la jornada escolar de hoy,,La puerta estuvo abierta toda la jornada escolar de hoy,,Matutino,
8/31/2021 12:26:46,1ero,A,6,No,Todas las personas en este salón utilizaron el cubre bocas continuamente el día de hoy,El purificador se utilizó la totalidad de tiempo de clase (sin contar tiempo de recreo),,Las ventanas estuvieron abiertas toda la jornada escolar de hoy,,La puerta estuvo abierta toda la jornada escolar de hoy,,Matutino,
8/31/2021 12:33:02,3ero,B,6,No,Todas las personas en este salón utilizaron el cubre bocas continuamente el día de hoy,El purificador se utilizó la totalidad de tiempo de clase (sin contar tiempo de recreo),,Las ventanas estuvieron abiertas toda la jornada escolar de hoy,,La puerta estuvo abierta toda la jornada escolar de hoy,,Matutino,
8/31/2021 12:34:06,5to,B,10,No,Todas las personas en este salón utilizaron el cubre bocas continuamente el día de hoy,El purificador se utilizó la totalidad de tiempo de clase (sin contar tiempo de recreo),,Las ventanas estuvieron abiertas toda la jornada escolar de hoy,,La puerta estuvo abierta toda la jornada escolar de hoy,,Matutino,
8/31/2021 12:40:55,2do,A,6,No,Todas las personas en este salón utilizaron el cubre bocas continuamente el día de hoy,El purificador se utilizó la totalidad de tiempo de clase (sin contar tiempo de recreo),,Las ventanas estuvieron abiertas toda la jornada escolar de hoy,,La puerta estuvo abierta toda la jornada escolar de hoy,,Matutino,
8/31/2021 13:39:31,6to,B,6,No,Todas las personas en este salón utilizaron el cubre bocas continuamente el día de hoy,El purificador se utilizó la totalidad de tiempo de clase (sin contar tiempo de recreo),,Las ventanas estuvieron abiertas toda la jornada escolar de hoy,,La puerta estuvo abierta toda la jornada escolar de hoy,,Matutino,
8/31/2021 14:05:15,2do,B,7,No,Todas las personas en este salón utilizaron el cubre bocas continuamente el día de hoy,El purificador se utilizó la totalidad de tiempo de clase (sin contar tiempo de recreo),,Las ventanas estuvieron abiertas toda la jornada escolar de hoy,,La puerta estuvo abierta toda la jornada escolar de hoy,,Matutino,
8/31/2021 18:14:22,6to,A,11,No,Todas las personas en este salón utilizaron el cubre bocas continuamente el día de hoy,El purificador se utilizó la totalidad de tiempo de clase (sin contar tiempo de recreo),,Las ventanas estuvieron abiertas toda la jornada escolar de hoy,,La puerta estuvo abierta toda la jornada escolar de hoy,,Vespertino,
8/31/2021 18:18:28,2do,A,3,No sabe,Todas las personas en este salón utilizaron el cubre bocas continuamente el día de hoy,El purificador se usó más de la mitad del tiempo,No fue necesario el or la cantidad de alumnos y la ventilación ,Las ventanas estuvieron abiertas toda la jornada escolar de hoy,,La puerta estuvo abierta toda la jornada escolar de hoy,,Vespertino,
8/31/2021 19:05:35,1ero,No aplica,4,No,Todas las personas en este salón utilizaron el cubre bocas continuamente el día de hoy,Hoy no fue utilizado el purificador,Porque no hubo luz en el salón durante toda la jornada ,Las ventanas estuvieron abiertas toda la jornada escolar de hoy,,La puerta estuvo abierta toda la jornada escolar de hoy,,Vespertino,
9/1/2021 12:16:42,3ero,A,10,No,Todas las personas en este salón utilizaron el cubre bocas continuamente el día de hoy,El purificador se utilizó la totalidad de tiempo de clase (sin contar tiempo de recreo),,Las ventanas estuvieron abiertas toda la jornada escolar de hoy,,La puerta estuvo abierta toda la jornada escolar de hoy,,Matutino,
9/1/2021 12:18:48,3ero,B,7,No,Todas las personas en este salón utilizaron el cubre bocas continuamente el día de hoy,El purificador se utilizó la totalidad de tiempo de clase (sin contar tiempo de recreo),,Las ventanas estuvieron abiertas toda la jornada escolar de hoy,,La puerta estuvo abierta toda la jornada escolar de hoy,,Matutino,
9/1/2021 12:23:20,1ero,A,4,No,Todas las personas en este salón utilizaron el cubre bocas continuamente el día de hoy,El purificador se utilizó la totalidad de tiempo de clase (sin contar tiempo de recreo),,Las ventanas estuvieron abiertas toda la jornada escolar de hoy,,La puerta estuvo abierta toda la jornada escolar de hoy,,Matutino,
9/1/2021 12:23:32,4to,B,5,No sabe,Todas las personas en este salón utilizaron el cubre bocas continuamente el día de hoy,El purificador se utilizó la totalidad de tiempo de clase (sin contar tiempo de recreo),,Las ventanas estuvieron abiertas toda la jornada escolar de hoy,,La puerta estuvo abierta toda la jornada escolar de hoy,,Matutino,
9/1/2021 12:24:33,6to,A,8,No,Todas las personas en este salón utilizaron el cubre bocas continuamente el día de hoy,El purificador se utilizó la totalidad de tiempo de clase (sin contar tiempo de recreo),,Las ventanas estuvieron abiertas toda la jornada escolar de hoy,,La puerta estuvo abierta toda la jornada escolar de hoy,,Matutino,
9/1/2021 12:25:24,5to,A,5,No,Todas las personas en este salón utilizaron el cubre bocas continuamente el día de hoy,El purificador se utilizó la totalidad de tiempo de clase (sin contar tiempo de recreo),,Las ventanas estuvieron abiertas toda la jornada escolar de hoy,,La puerta estuvo abierta toda la jornada escolar de hoy,,Matutino,
9/1/2021 12:27:29,4to,A,7,No,Todas las personas en este salón utilizaron el cubre bocas continuamente el día de hoy,El purificador se utilizó la totalidad de tiempo de clase (sin contar tiempo de recreo),,Las ventanas estuvieron abiertas toda la jornada escolar de hoy,,La puerta estuvo abierta toda la jornada escolar de hoy,,Matutino,
9/1/2021 12:31:08,5to,B,6,No,Todas las personas en este salón utilizaron el cubre bocas continuamente el día de hoy,El purificador se utilizó la totalidad de tiempo de clase (sin contar tiempo de recreo),,Las ventanas estuvieron abiertas toda la jornada escolar de hoy,,La puerta estuvo abierta toda la jornada escolar de hoy,,Matutino,
9/1/2021 12:31:41,Otro,No aplica,Somos 4 personal de la UDEEI-150,No,Todas las personas en este salón utilizaron el cubre bocas continuamente el día de hoy,El purificador se utilizó la totalidad de tiempo de clase (sin contar tiempo de recreo),,Las ventanas permanecieron cerradas toda la jornada escolar de hoy,Por sugerencia del técnico,La puerta estuvo abierta toda la jornada escolar de hoy,,Matutino,
9/1/2021 12:41:19,2do,A,7,No,Todas las personas en este salón utilizaron el cubre bocas continuamente el día de hoy,El purificador se utilizó la totalidad de tiempo de clase (sin contar tiempo de recreo),,Las ventanas estuvieron abiertas toda la jornada escolar de hoy,,La puerta estuvo abierta toda la jornada escolar de hoy,,Matutino,
9/1/2021 12:50:27,2do,B,5,No,Más de la mitad de las personas en este salón utilizaron cubre bocas continuamente el día de hoy,El purificador se utilizó la totalidad de tiempo de clase (sin contar tiempo de recreo),,Las ventanas estuvieron abiertas toda la jornada escolar de hoy,,La puerta estuvo abierta toda la jornada escolar de hoy,,Matutino,
9/1/2021 12:54:22,6to,B,8,No,Todas las personas en este salón utilizaron el cubre bocas continuamente el día de hoy,El purificador se utilizó la totalidad de tiempo de clase (sin contar tiempo de recreo),,Las ventanas estuvieron abiertas toda la jornada escolar de hoy,,La puerta estuvo abierta toda la jornada escolar de hoy,,Matutino,
9/1/2021 12:55:07,1ero,B,7,No,Todas las personas en este salón utilizaron el cubre bocas continuamente el día de hoy,El purificador se utilizó la totalidad de tiempo de clase (sin contar tiempo de recreo),,Las ventanas estuvieron abiertas toda la jornada escolar de hoy,,La puerta estuvo abierta toda la jornada escolar de hoy,,Matutino,
9/1/2021 19:05:17,3ero,A,10,No,Todas las personas en este salón utilizaron el cubre bocas continuamente el día de hoy,El purificador se utilizó la totalidad de tiempo de clase (sin contar tiempo de recreo),,Las ventanas estuvieron abiertas toda la jornada escolar de hoy,,La puerta estuvo abierta toda la jornada escolar de hoy,,Vespertino,
9/1/2021 19:05:17,1ero,No aplica,4,No,Todas las personas en este salón utilizaron el cubre bocas continuamente el día de hoy,El purificador se utilizó la totalidad de tiempo de clase (sin contar tiempo de recreo),,Las ventanas estuvieron abiertas toda la jornada escolar de hoy,,La puerta estuvo abierta toda la jornada escolar de hoy,,Vespertino,
9/1/2021 19:51:46,2do,A,2,No,Todas las personas en este salón utilizaron el cubre bocas continuamente el día de hoy,El purificador se utilizó la totalidad de tiempo de clase (sin contar tiempo de recreo),,Las ventanas estuvieron abiertas toda la jornada escolar de hoy,,La puerta estuvo abierta toda la jornada escolar de hoy,,Vespertino,
9/1/2021 21:06:19,4to,A,6,No sabe,Todas las personas en este salón utilizaron el cubre bocas continuamente el día de hoy,El purificador se utilizó la totalidad de tiempo de clase (sin contar tiempo de recreo),,Las ventanas estuvieron abiertas toda la jornada escolar de hoy,,La puerta estuvo abierta toda la jornada escolar de hoy,,Vespertino,
9/2/2021 12:08:52,3ero,A,3,No,Todas las personas en este salón utilizaron el cubre bocas continuamente el día de hoy,El purificador se utilizó la totalidad de tiempo de clase (sin contar tiempo de recreo),,Las ventanas estuvieron abiertas toda la jornada escolar de hoy,,La puerta estuvo abierta toda la jornada escolar de hoy,,Matutino,
9/2/2021 12:22:39,6to,A,5,No,Todas las personas en este salón utilizaron el cubre bocas continuamente el día de hoy,El purificador se utilizó la totalidad de tiempo de clase (sin contar tiempo de recreo),,Las ventanas estuvieron abiertas toda la jornada escolar de hoy,,La puerta estuvo abierta toda la jornada escolar de hoy,,Matutino,
9/2/2021 12:26:01,4to,A,5,No,Todas las personas en este salón utilizaron el cubre bocas continuamente el día de hoy,El purificador se utilizó la totalidad de tiempo de clase (sin contar tiempo de recreo),,Las ventanas estuvieron abiertas toda la jornada escolar de hoy,,La puerta estuvo abierta toda la jornada escolar de hoy,,Matutino,
9/2/2021 12:26:09,1ero,A,7,No,Todas las personas en este salón utilizaron el cubre bocas continuamente el día de hoy,El purificador se utilizó la totalidad de tiempo de clase (sin contar tiempo de recreo),,Las ventanas estuvieron abiertas toda la jornada escolar de hoy,,La puerta estuvo abierta toda la jornada escolar de hoy,,Matutino,
9/2/2021 12:27:53,1ero,B,4,No,Todas las personas en este salón utilizaron el cubre bocas continuamente el día de hoy,El purificador se utilizó la totalidad de tiempo de clase (sin contar tiempo de recreo),,Las ventanas estuvieron abiertas toda la jornada escolar de hoy,,La puerta estuvo abierta toda la jornada escolar de hoy,,Matutino,
9/2/2021 12:27:58,4to,B,9,No sabe,Todas las personas en este salón utilizaron el cubre bocas continuamente el día de hoy,El purificador se utilizó la totalidad de tiempo de clase (sin contar tiempo de recreo),,Las ventanas estuvieron abiertas toda la jornada escolar de hoy,,La puerta estuvo abierta toda la jornada escolar de hoy,,Matutino,
9/2/2021 12:29:26,5to,A,7,No,Todas las personas en este salón utilizaron el cubre bocas continuamente el día de hoy,El purificador se utilizó la totalidad de tiempo de clase (sin contar tiempo de recreo),,Las ventanas estuvieron abiertas toda la jornada escolar de hoy,,La puerta estuvo abierta toda la jornada escolar de hoy,,Matutino,
9/2/2021 12:29:57,5to,B,8,No,Todas las personas en este salón utilizaron el cubre bocas continuamente el día de hoy,El purificador se utilizó la totalidad de tiempo de clase (sin contar tiempo de recreo),,Las ventanas estuvieron abiertas toda la jornada escolar de hoy,,La puerta estuvo abierta toda la jornada escolar de hoy,,Matutino,
9/2/2021 12:30:05,2do,B,6,No,Todas las personas en este salón utilizaron el cubre bocas continuamente el día de hoy,El purificador se utilizó la totalidad de tiempo de clase (sin contar tiempo de recreo),,Las ventanas estuvieron abiertas toda la jornada escolar de hoy,,La puerta estuvo abierta toda la jornada escolar de hoy,,Matutino,
9/2/2021 12:32:36,6to,B,6,No,Todas las personas en este salón utilizaron el cubre bocas continuamente el día de hoy,El purificador se utilizó la totalidad de tiempo de clase (sin contar tiempo de recreo),,Las ventanas estuvieron abiertas toda la jornada escolar de hoy,,La puerta estuvo abierta toda la jornada escolar de hoy,,Matutino,
9/2/2021 12:35:25,2do,A,6,No,Todas las personas en este salón utilizaron el cubre bocas continuamente el día de hoy,El purificador se utilizó la totalidad de tiempo de clase (sin contar tiempo de recreo),,Las ventanas estuvieron abiertas toda la jornada escolar de hoy,,La puerta estuvo abierta toda la jornada escolar de hoy,,Matutino,
9/2/2021 12:48:20,3ero,B,6,No,Todas las personas en este salón utilizaron el cubre bocas continuamente el día de hoy,El purificador se utilizó la totalidad de tiempo de clase (sin contar tiempo de recreo),,Las ventanas estuvieron abiertas toda la jornada escolar de hoy,,La puerta estuvo abierta toda la jornada escolar de hoy,,Matutino,
9/2/2021 18:17:02,2do,A,3,No sabe,Todas las personas en este salón utilizaron el cubre bocas continuamente el día de hoy,El purificador se utilizó la totalidad de tiempo de clase (sin contar tiempo de recreo),,Las ventanas estuvieron abiertas toda la jornada escolar de hoy,,La puerta estuvo abierta toda la jornada escolar de hoy,,Vespertino,
9/2/2021 18:46:40,1ero,No aplica,3,No,Todas las personas en este salón utilizaron el cubre bocas continuamente el día de hoy,El purificador se utilizó la totalidad de tiempo de clase (sin contar tiempo de recreo),,Las ventanas estuvieron abiertas toda la jornada escolar de hoy,,La puerta estuvo abierta toda la jornada escolar de hoy,,Vespertino,
9/2/2021 20:15:39,4to,A,8,No sabe,Todas las personas en este salón utilizaron el cubre bocas continuamente el día de hoy,El purificador se utilizó la totalidad de tiempo de clase (sin contar tiempo de recreo),,Las ventanas estuvieron abiertas toda la jornada escolar de hoy,,La puerta estuvo abierta toda la jornada escolar de hoy,,Vespertino,
9/3/2021 18:04:52,2do,A,1,No sabe,Todas las personas en este salón utilizaron el cubre bocas continuamente el día de hoy,El purificador se utilizó la totalidad de tiempo de clase (sin contar tiempo de recreo),,Las ventanas estuvieron abiertas toda la jornada escolar de hoy,,La puerta estuvo abierta toda la jornada escolar de hoy,,Vespertino,
9/6/2021 12:16:50,3ero,A,9,No,Todas las personas en este salón utilizaron el cubre bocas continuamente el día de hoy,El purificador se utilizó la totalidad de tiempo de clase (sin contar tiempo de recreo),,Las ventanas estuvieron abiertas toda la jornada escolar de hoy,,La puerta estuvo abierta toda la jornada escolar de hoy,,Matutino,
9/6/2021 12:21:11,4to,B,5,No sabe,Todas las personas en este salón utilizaron el cubre bocas continuamente el día de hoy,El purificador se utilizó la totalidad de tiempo de clase (sin contar tiempo de recreo),,Las ventanas estuvieron abiertas toda la jornada escolar de hoy,,La puerta estuvo abierta toda la jornada escolar de hoy,,Matutino,
9/6/2021 12:23:53,5to,B,6,No,Todas las personas en este salón utilizaron el cubre bocas continuamente el día de hoy,El purificador se utilizó la totalidad de tiempo de clase (sin contar tiempo de recreo),,Las ventanas estuvieron abiertas toda la jornada escolar de hoy,,La puerta estuvo abierta toda la jornada escolar de hoy,,Matutino,
9/6/2021 12:24:26,2do,B,4,No sabe,Todas las personas en este salón utilizaron el cubre bocas continuamente el día de hoy,El purificador se utilizó la totalidad de tiempo de clase (sin contar tiempo de recreo),,Las ventanas estuvieron abiertas toda la jornada escolar de hoy,,La puerta estuvo abierta toda la jornada escolar de hoy,,Matutino,
9/6/2021 12:26:05,6to,A,9,No,Todas las personas en este salón utilizaron el cubre bocas continuamente el día de hoy,El purificador se utilizó la totalidad de tiempo de clase (sin contar tiempo de recreo),,Las ventanas estuvieron abiertas toda la jornada escolar de hoy,,La puerta estuvo abierta toda la jornada escolar de hoy,,Matutino,
9/6/2021 12:27:00,4to,A,9,No,Todas las personas en este salón utilizaron el cubre bocas continuamente el día de hoy,El purificador se utilizó la totalidad de tiempo de clase (sin contar tiempo de recreo),,Las ventanas estuvieron abiertas toda la jornada escolar de hoy,,La puerta estuvo abierta toda la jornada escolar de hoy,,Matutino,
9/6/2021 12:27:02,5to,A,6,No,Todas las personas en este salón utilizaron el cubre bocas continuamente el día de hoy,El purificador se utilizó la totalidad de tiempo de clase (sin contar tiempo de recreo),,Las ventanas estuvieron abiertas toda la jornada escolar de hoy,,La puerta estuvo abierta toda la jornada escolar de hoy,,Matutino,
9/6/2021 12:27:08,1ero,A,5,No,Todas las personas en este salón utilizaron el cubre bocas continuamente el día de hoy,El purificador se utilizó la totalidad de tiempo de clase (sin contar tiempo de recreo),,Las ventanas estuvieron abiertas toda la jornada escolar de hoy,,La puerta estuvo abierta toda la jornada escolar de hoy,,Matutino,
9/6/2021 12:28:01,5to,B,6,No,Todas las personas en este salón utilizaron el cubre bocas continuamente el día de hoy,El purificador se utilizó la totalidad de tiempo de clase (sin contar tiempo de recreo),,Las ventanas estuvieron abiertas toda la jornada escolar de hoy,,La puerta estuvo abierta toda la jornada escolar de hoy,,Matutino,
9/6/2021 12:30:21,1ero,B,7,No,Todas las personas en este salón utilizaron el cubre bocas continuamente el día de hoy,El purificador se utilizó la totalidad de tiempo de clase (sin contar tiempo de recreo),,Las ventanas estuvieron abiertas toda la jornada escolar de hoy,,La puerta estuvo abierta toda la jornada escolar de hoy,,Matutino,
9/6/2021 12:30:42,Otro,No aplica,10,No,Todas las personas en este salón utilizaron el cubre bocas continuamente el día de hoy,El purificador se utilizó la totalidad de tiempo de clase (sin contar tiempo de recreo),,Las ventanas estuvieron abiertas toda la jornada escolar de hoy,,La puerta estuvo abierta toda la jornada escolar de hoy,,Matutino,
9/6/2021 12:53:41,6to,B,8,No,Todas las personas en este salón utilizaron el cubre bocas continuamente el día de hoy,El purificador se utilizó la totalidad de tiempo de clase (sin contar tiempo de recreo),,Las ventanas estuvieron abiertas toda la jornada escolar de hoy,,La puerta estuvo abierta toda la jornada escolar de hoy,,Matutino,
9/6/2021 14:15:08,2do,A,6,No,Todas las personas en este salón utilizaron el cubre bocas continuamente el día de hoy,El purificador se utilizó la totalidad de tiempo de clase (sin contar tiempo de recreo),,Las ventanas estuvieron abiertas toda la jornada escolar de hoy,,La puerta estuvo abierta toda la jornada escolar de hoy,,Matutino,
9/7/2021 12:24:11,3ero,A,3,No,Todas las personas en este salón utilizaron el cubre bocas continuamente el día de hoy,El purificador se utilizó la totalidad de tiempo de clase (sin contar tiempo de recreo),,Las ventanas estuvieron abiertas toda la jornada escolar de hoy,,La puerta estuvo abierta toda la jornada escolar de hoy,,Matutino,
9/7/2021 12:31:58,1ero,B,5,No,Todas las personas en este salón utilizaron el cubre bocas continuamente el día de hoy,El purificador se utilizó la totalidad de tiempo de clase (sin contar tiempo de recreo),,Las ventanas estuvieron abiertas toda la jornada escolar de hoy,,La puerta estuvo abierta toda la jornada escolar de hoy,,Matutino,
9/7/2021 12:34:07,1ero,A,6,No,Todas las personas en este salón utilizaron el cubre bocas continuamente el día de hoy,El purificador se utilizó la totalidad de tiempo de clase (sin contar tiempo de recreo),,Las ventanas estuvieron abiertas toda la jornada escolar de hoy,,La puerta estuvo abierta toda la jornada escolar de hoy,,Matutino,
9/7/2021 12:34:08,2do,B,7,No sabe,Todas las personas en este salón utilizaron el cubre bocas continuamente el día de hoy,El purificador se utilizó la totalidad de tiempo de clase (sin contar tiempo de recreo),,Las ventanas estuvieron abiertas toda la jornada escolar de hoy,,La puerta estuvo abierta toda la jornada escolar de hoy,,Matutino,
9/7/2021 12:34:59,4to,B,8,No sabe,Todas las personas en este salón utilizaron el cubre bocas continuamente el día de hoy,El purificador se utilizó la totalidad de tiempo de clase (sin contar tiempo de recreo),,Las ventanas estuvieron abiertas toda la jornada escolar de hoy,,La puerta estuvo abierta toda la jornada escolar de hoy,,Matutino,
9/7/2021 12:35:05,5to,B,5,No,Todas las personas en este salón utilizaron el cubre bocas continuamente el día de hoy,El purificador se utilizó la totalidad de tiempo de clase (sin contar tiempo de recreo),,Las ventanas estuvieron abiertas toda la jornada escolar de hoy,,La puerta estuvo abierta toda la jornada escolar de hoy,,Matutino,
9/7/2021 12:35:55,4to,A,4,No,Todas las personas en este salón utilizaron el cubre bocas continuamente el día de hoy,El purificador se utilizó la totalidad de tiempo de clase (sin contar tiempo de recreo),,Las ventanas estuvieron abiertas toda la jornada escolar de hoy,,La puerta estuvo abierta toda la jornada escolar de hoy,,Matutino,
9/7/2021 12:36:59,6to,B,4,No,Todas las personas en este salón utilizaron el cubre bocas continuamente el día de hoy,El purificador se utilizó la totalidad de tiempo de clase (sin contar tiempo de recreo),,Las ventanas estuvieron abiertas toda la jornada escolar de hoy,,La puerta estuvo abierta toda la jornada escolar de hoy,,Matutino,
9/7/2021 12:43:33,2do,A,5,No,Todas las personas en este salón utilizaron el cubre bocas continuamente el día de hoy,El purificador se utilizó la totalidad de tiempo de clase (sin contar tiempo de recreo),,Las ventanas estuvieron abiertas toda la jornada escolar de hoy,,La puerta estuvo abierta toda la jornada escolar de hoy,,Matutino,
9/7/2021 12:55:44,3ero,B,6,No,Todas las personas en este salón utilizaron el cubre bocas continuamente el día de hoy,El purificador se utilizó la totalidad de tiempo de clase (sin contar tiempo de recreo),,Las ventanas estuvieron abiertas toda la jornada escolar de hoy,,La puerta estuvo abierta toda la jornada escolar de hoy,,Matutino,
9/7/2021 12:55:49,6to,A,6,No,Todas las personas en este salón utilizaron el cubre bocas continuamente el día de hoy,El purificador se utilizó la totalidad de tiempo de clase (sin contar tiempo de recreo),,Las ventanas estuvieron abiertas toda la jornada escolar de hoy,,La puerta estuvo abierta toda la jornada escolar de hoy,,Matutino,
9/7/2021 17:33:10,2do,A,3,No sabe,Todas las personas en este salón utilizaron el cubre bocas continuamente el día de hoy,El purificador se utilizó la totalidad de tiempo de clase (sin contar tiempo de recreo),,Las ventanas estuvieron abiertas toda la jornada escolar de hoy,,La puerta estuvo abierta toda la jornada escolar de hoy,,Vespertino,
9/8/2021 12:24:48,3ero,A,7,No,Todas las personas en este salón utilizaron el cubre bocas continuamente el día de hoy,El purificador se utilizó la totalidad de tiempo de clase (sin contar tiempo de recreo),,Las ventanas estuvieron abiertas toda la jornada escolar de hoy,,La puerta estuvo abierta toda la jornada escolar de hoy,,Matutino,
9/8/2021 12:25:57,4to,B,4,No sabe,Todas las personas en este salón utilizaron el cubre bocas continuamente el día de hoy,El purificador se utilizó la totalidad de tiempo de clase (sin contar tiempo de recreo),,Las ventanas estuvieron abiertas toda la jornada escolar de hoy,,La puerta estuvo abierta toda la jornada escolar de hoy,,Matutino,
9/8/2021 12:28:44,3ero,B,6,No,Todas las personas en este salón utilizaron el cubre bocas continuamente el día de hoy,El purificador se utilizó la totalidad de tiempo de clase (sin contar tiempo de recreo),,Las ventanas estuvieron abiertas toda la jornada escolar de hoy,,La puerta estuvo abierta toda la jornada escolar de hoy,,Matutino,
9/8/2021 12:32:22,1ero,A,5,No,Todas las personas en este salón utilizaron el cubre bocas continuamente el día de hoy,El purificador se utilizó la totalidad de tiempo de clase (sin contar tiempo de recreo),,Las ventanas estuvieron abiertas toda la jornada escolar de hoy,,La puerta estuvo abierta toda la jornada escolar de hoy,,Matutino,
9/8/2021 12:34:38,5to,B,4,No,Todas las personas en este salón utilizaron el cubre bocas continuamente el día de hoy,El purificador se utilizó la totalidad de tiempo de clase (sin contar tiempo de recreo),,Las ventanas estuvieron abiertas toda la jornada escolar de hoy,,La puerta estuvo abierta toda la jornada escolar de hoy,,Matutino,
9/8/2021 12:34:39,1ero,B,6,No,Todas las personas en este salón utilizaron el cubre bocas continuamente el día de hoy,El purificador se utilizó la totalidad de tiempo de clase (sin contar tiempo de recreo),,Las ventanas estuvieron abiertas toda la jornada escolar de hoy,,La puerta estuvo abierta toda la jornada escolar de hoy,,Matutino,
9/8/2021 12:36:38,2do,B,4,No,Todas las personas en este salón utilizaron el cubre bocas continuamente el día de hoy,El purificador se utilizó la totalidad de tiempo de clase (sin contar tiempo de recreo),,Las ventanas estuvieron abiertas toda la jornada escolar de hoy,,La puerta estuvo abierta toda la jornada escolar de hoy,,Matutino,
9/8/2021 12:36:40,6to,B,6,No,Todas las personas en este salón utilizaron el cubre bocas continuamente el día de hoy,El purificador se utilizó la totalidad de tiempo de clase (sin contar tiempo de recreo),,Las ventanas estuvieron abiertas toda la jornada escolar de hoy,,La puerta estuvo abierta toda la jornada escolar de hoy,,Matutino,
9/8/2021 13:30:42,Otro,No aplica,9 personas,No,Todas las personas en este salón utilizaron el cubre bocas continuamente el día de hoy,El purificador se utilizó la totalidad de tiempo de clase (sin contar tiempo de recreo),,Las ventanas estuvieron abiertas toda la jornada escolar de hoy,,La puerta estuvo abierta toda la jornada escolar de hoy,,Matutino,
9/8/2021 13:34:42,2do,A,6,No,Todas las personas en este salón utilizaron el cubre bocas continuamente el día de hoy,El purificador se utilizó la totalidad de tiempo de clase (sin contar tiempo de recreo),,Las ventanas estuvieron abiertas toda la jornada escolar de hoy,,La puerta estuvo abierta toda la jornada escolar de hoy,,Matutino,
9/8/2021 19:04:23,2do,A,3,No sabe,Todas las personas en este salón utilizaron el cubre bocas continuamente el día de hoy,El purificador se utilizó la totalidad de tiempo de clase (sin contar tiempo de recreo),,Las ventanas estuvieron abiertas toda la jornada escolar de hoy,,La puerta estuvo abierta toda la jornada escolar de hoy,,Vespertino,
9/9/2021 12:24:15,6to,B,6,No,Todas las personas en este salón utilizaron el cubre bocas continuamente el día de hoy,El purificador se utilizó la totalidad de tiempo de clase (sin contar tiempo de recreo),,Las ventanas estuvieron abiertas toda la jornada escolar de hoy,,La puerta estuvo abierta toda la jornada escolar de hoy,,Matutino,
9/9/2021 12:24:23,5to,A,8,No,Todas las personas en este salón utilizaron el cubre bocas continuamente el día de hoy,El purificador se utilizó la totalidad de tiempo de clase (sin contar tiempo de recreo),,Las ventanas estuvieron abiertas toda la jornada escolar de hoy,,La puerta estuvo abierta toda la jornada escolar de hoy,,Matutino,
9/9/2021 12:28:22,3ero,A,4,No,Todas las personas en este salón utilizaron el cubre bocas continuamente el día de hoy,El purificador se utilizó la totalidad de tiempo de clase (sin contar tiempo de recreo),,Las ventanas estuvieron abiertas toda la jornada escolar de hoy,,La puerta estuvo abierta toda la jornada escolar de hoy,,Matutino,
9/9/2021 12:28:55,1ero,B,5,No,Todas las personas en este salón utilizaron el cubre bocas continuamente el día de hoy,El purificador se utilizó la totalidad de tiempo de clase (sin contar tiempo de recreo),,Las ventanas estuvieron abiertas toda la jornada escolar de hoy,,La puerta estuvo abierta toda la jornada escolar de hoy,,Matutino,
9/9/2021 12:29:16,6to,A,4,No,Todas las personas en este salón utilizaron el cubre bocas continuamente el día de hoy,El purificador se utilizó la totalidad de tiempo de clase (sin contar tiempo de recreo),,Las ventanas estuvieron abiertas toda la jornada escolar de hoy,,La puerta estuvo abierta toda la jornada escolar de hoy,,Matutino,
9/9/2021 12:36:52,1ero,A,7,No,Todas las personas en este salón utilizaron el cubre bocas continuamente el día de hoy,El purificador se utilizó la totalidad de tiempo de clase (sin contar tiempo de recreo),,Las ventanas estuvieron abiertas toda la jornada escolar de hoy,,La puerta estuvo abierta toda la jornada escolar de hoy,,Matutino,
9/9/2021 12:39:06,Otro,No aplica,4 personas,No,Todas las personas en este salón utilizaron el cubre bocas continuamente el día de hoy,El purificador se utilizó la totalidad de tiempo de clase (sin contar tiempo de recreo),,Las ventanas estuvieron abiertas toda la jornada escolar de hoy,,La puerta estuvo abierta toda la jornada escolar de hoy,,Matutino,
9/9/2021 13:25:07,2do,A,4,No,Todas las personas en este salón utilizaron el cubre bocas continuamente el día de hoy,El purificador se utilizó la totalidad de tiempo de clase (sin contar tiempo de recreo),,Las ventanas estuvieron abiertas toda la jornada escolar de hoy,,La puerta estuvo abierta toda la jornada escolar de hoy,,Matutino,
9/10/2021 13:23:39,Otro,No aplica,3 personas,No,Todas las personas en este salón utilizaron el cubre bocas continuamente el día de hoy,El purificador se utilizó la totalidad de tiempo de clase (sin contar tiempo de recreo),,Las ventanas estuvieron abiertas toda la jornada escolar de hoy,,La puerta estuvo abierta toda la jornada escolar de hoy,,Matutino,
9/10/2021 16:57:30,4to,B,9,No sabe,Todas las personas en este salón utilizaron el cubre bocas continuamente el día de hoy,El purificador se utilizó la totalidad de tiempo de clase (sin contar tiempo de recreo),,Las ventanas estuvieron abiertas toda la jornada escolar de hoy,,La puerta estuvo abierta toda la jornada escolar de hoy,,Matutino,
9/10/2021 17:06:47,3ero,B,6,No,Todas las personas en este salón utilizaron el cubre bocas continuamente el día de hoy,El purificador se utilizó la totalidad de tiempo de clase (sin contar tiempo de recreo),,Las ventanas estuvieron abiertas toda la jornada escolar de hoy,,La puerta estuvo abierta toda la jornada escolar de hoy,,Matutino,
9/10/2021 17:19:52,5to,B,Seis,No,Todas las personas en este salón utilizaron el cubre bocas continuamente el día de hoy,El purificador se utilizó la totalidad de tiempo de clase (sin contar tiempo de recreo),,Las ventanas estuvieron abiertas toda la jornada escolar de hoy,,La puerta estuvo abierta toda la jornada escolar de hoy,,Matutino,
9/13/2021 12:23:25,6to,A,8,No,Todas las personas en este salón utilizaron el cubre bocas continuamente el día de hoy,El purificador se utilizó la totalidad de tiempo de clase (sin contar tiempo de recreo),,Las ventanas estuvieron abiertas toda la jornada escolar de hoy,,La puerta estuvo abierta toda la jornada escolar de hoy,,Matutino,
9/13/2021 12:26:05,6to,B,9,No,Todas las personas en este salón utilizaron el cubre bocas continuamente el día de hoy,El purificador se utilizó la totalidad de tiempo de clase (sin contar tiempo de recreo),,Las ventanas estuvieron abiertas toda la jornada escolar de hoy,,La puerta estuvo abierta toda la jornada escolar de hoy,,Matutino,
9/13/2021 12:26:54,1ero,A,6,No,Todas las personas en este salón utilizaron el cubre bocas continuamente el día de hoy,El purificador se utilizó la totalidad de tiempo de clase (sin contar tiempo de recreo),,Las ventanas estuvieron abiertas toda la jornada escolar de hoy,,La puerta estuvo abierta toda la jornada escolar de hoy,,Matutino,
9/13/2021 12:27:24,5to,A,7,No,Todas las personas en este salón utilizaron el cubre bocas continuamente el día de hoy,El purificador se utilizó la totalidad de tiempo de clase (sin contar tiempo de recreo),,Las ventanas estuvieron abiertas toda la jornada escolar de hoy,,La puerta estuvo abierta toda la jornada escolar de hoy,,Matutino,
9/13/2021 12:28:01,4to,A,7,No,Todas las personas en este salón utilizaron el cubre bocas continuamente el día de hoy,El purificador se utilizó la totalidad de tiempo de clase (sin contar tiempo de recreo),,Las ventanas estuvieron abiertas toda la jornada escolar de hoy,,La puerta estuvo abierta toda la jornada escolar de hoy,,Matutino,
9/13/2021 12:28:15,3ero,B,8,No,Todas las personas en este salón utilizaron el cubre bocas continuamente el día de hoy,El purificador se utilizó la totalidad de tiempo de clase (sin contar tiempo de recreo),,Las ventanas estuvieron abiertas toda la jornada escolar de hoy,,La puerta estuvo abierta toda la jornada escolar de hoy,,Matutino,
9/13/2021 12:28:21,5to,B,5,No,Todas las personas en este salón utilizaron el cubre bocas continuamente el día de hoy,El purificador se utilizó la totalidad de tiempo de clase (sin contar tiempo de recreo),,Las ventanas estuvieron abiertas toda la jornada escolar de hoy,,La puerta estuvo abierta toda la jornada escolar de hoy,,Matutino,
9/13/2021 12:28:48,4to,B,7,No sabe,Todas las personas en este salón utilizaron el cubre bocas continuamente el día de hoy,El purificador se utilizó la totalidad de tiempo de clase (sin contar tiempo de recreo),,Las ventanas estuvieron abiertas toda la jornada escolar de hoy,,La puerta estuvo abierta toda la jornada escolar de hoy,,Matutino,
9/13/2021 12:29:00,3ero,A,8,No,Todas las personas en este salón utilizaron el cubre bocas continuamente el día de hoy,El purificador se utilizó la totalidad de tiempo de clase (sin contar tiempo de recreo),,Las ventanas estuvieron abiertas toda la jornada escolar de hoy,,La puerta estuvo abierta toda la jornada escolar de hoy,,Matutino,
9/13/2021 12:32:20,1ero,B,7,No,Todas las personas en este salón utilizaron el cubre bocas continuamente el día de hoy,El purificador se utilizó la totalidad de tiempo de clase (sin contar tiempo de recreo),,Las ventanas estuvieron abiertas toda la jornada escolar de hoy,,La puerta estuvo abierta toda la jornada escolar de hoy,,Matutino,https://drive.google.com/open?id=1DRBmL36Dt6fyHXgPFSLqO1tLoC2LvDkr
9/13/2021 12:33:11,2do,B,5,No,Todas las personas en este salón utilizaron el cubre bocas continuamente el día de hoy,El purificador se utilizó la totalidad de tiempo de clase (sin contar tiempo de recreo),,Las ventanas estuvieron abiertas toda la jornada escolar de hoy,,La puerta estuvo abierta toda la jornada escolar de hoy,,Matutino,https://drive.google.com/open?id=1dTr-ZyRufQaUeRQg3RToAnJwrwfyQHkU
9/13/2021 12:34:09,2do,A,9,No,Todas las personas en este salón utilizaron el cubre bocas continuamente el día de hoy,El purificador se utilizó la totalidad de tiempo de clase (sin contar tiempo de recreo),,Las ventanas estuvieron abiertas toda la jornada escolar de hoy,,La puerta estuvo abierta toda la jornada escolar de hoy,,Matutino,
9/13/2021 12:48:13,Otro,No aplica,4 personal de la UDEI,No,Todas las personas en este salón utilizaron el cubre bocas continuamente el día de hoy,El purificador se utilizó la totalidad de tiempo de clase (sin contar tiempo de recreo),,Las ventanas estuvieron abiertas toda la jornada escolar de hoy,,La puerta estuvo abierta toda la jornada escolar de hoy,,Matutino,https://drive.google.com/open?id=1zxOsAAAQYD7YyoNimayrbx2-UhPDrN0-
9/14/2021 12:25:01,1ero,A,6,No,Todas las personas en este salón utilizaron el cubre bocas continuamente el día de hoy,El purificador se utilizó la totalidad de tiempo de clase (sin contar tiempo de recreo),,Las ventanas estuvieron abiertas toda la jornada escolar de hoy,,La puerta estuvo abierta toda la jornada escolar de hoy,,Matutino,
9/14/2021 12:26:43,4to,B,7,No sabe,Todas las personas en este salón utilizaron el cubre bocas continuamente el día de hoy,El purificador se utilizó la totalidad de tiempo de clase (sin contar tiempo de recreo),,Las ventanas estuvieron abiertas toda la jornada escolar de hoy,,La puerta estuvo abierta toda la jornada escolar de hoy,,Matutino,
9/14/2021 12:28:01,3ero,A,3,No,Todas las personas en este salón utilizaron el cubre bocas continuamente el día de hoy,El purificador se utilizó la totalidad de tiempo de clase (sin contar tiempo de recreo),,Las ventanas estuvieron abiertas toda la jornada escolar de hoy,,La puerta estuvo abierta toda la jornada escolar de hoy,,Matutino,
9/14/2021 12:28:47,5to,A,8,No,Todas las personas en este salón utilizaron el cubre bocas continuamente el día de hoy,El purificador se utilizó la totalidad de tiempo de clase (sin contar tiempo de recreo),,Las ventanas estuvieron abiertas toda la jornada escolar de hoy,,La puerta estuvo abierta toda la jornada escolar de hoy,,Matutino,
9/14/2021 12:29:36,5to,B,5,No,Todas las personas en este salón utilizaron el cubre bocas continuamente el día de hoy,El purificador se utilizó la totalidad de tiempo de clase (sin contar tiempo de recreo),,Las ventanas estuvieron abiertas toda la jornada escolar de hoy,,La puerta estuvo abierta toda la jornada escolar de hoy,,Matutino,
9/14/2021 12:35:06,1ero,B,11,No,Todas las personas en este salón utilizaron el cubre bocas continuamente el día de hoy,El purificador se utilizó la totalidad de tiempo de clase (sin contar tiempo de recreo),,Las ventanas estuvieron abiertas toda la jornada escolar de hoy,,La puerta estuvo abierta toda la jornada escolar de hoy,,Matutino,
9/14/2021 12:35:25,6to,B,7,No,Todas las personas en este salón utilizaron el cubre bocas continuamente el día de hoy,El purificador se utilizó la totalidad de tiempo de clase (sin contar tiempo de recreo),,Las ventanas estuvieron abiertas toda la jornada escolar de hoy,,La puerta estuvo abierta toda la jornada escolar de hoy,,Matutino,
9/14/2021 12:37:35,3ero,B,7,No,Todas las personas en este salón utilizaron el cubre bocas continuamente el día de hoy,El purificador se utilizó la totalidad de tiempo de clase (sin contar tiempo de recreo),,Las ventanas estuvieron abiertas toda la jornada escolar de hoy,,La puerta estuvo abierta toda la jornada escolar de hoy,,Matutino,
9/14/2021 12:46:25,6to,A,7,No,Todas las personas en este salón utilizaron el cubre bocas continuamente el día de hoy,El purificador se utilizó la totalidad de tiempo de clase (sin contar tiempo de recreo),,Las ventanas estuvieron abiertas toda la jornada escolar de hoy,,La puerta estuvo abierta toda la jornada escolar de hoy,,Matutino,
9/14/2021 12:47:25,Otro,No aplica,3 personal UDEEI,No,Todas las personas en este salón utilizaron el cubre bocas continuamente el día de hoy,El purificador se utilizó la totalidad de tiempo de clase (sin contar tiempo de recreo),,Las ventanas estuvieron abiertas toda la jornada escolar de hoy,,La puerta estuvo abierta toda la jornada escolar de hoy,,Matutino,https://drive.google.com/open?id=1WvPD51KPa1An5swfiue9a70pfanjqNCC
9/14/2021 13:13:32,2do,A,7,No,Todas las personas en este salón utilizaron el cubre bocas continuamente el día de hoy,El purificador se utilizó la totalidad de tiempo de clase (sin contar tiempo de recreo),,Las ventanas estuvieron abiertas toda la jornada escolar de hoy,,La puerta estuvo abierta toda la jornada escolar de hoy,,Matutino,
9/14/2021 14:19:22,4to,A,3,No,Todas las personas en este salón utilizaron el cubre bocas continuamente el día de hoy,El purificador se utilizó la totalidad de tiempo de clase (sin contar tiempo de recreo),,Las ventanas estuvieron abiertas toda la jornada escolar de hoy,,La puerta estuvo abierta toda la jornada escolar de hoy,,Matutino,
9/15/2021 10:27:15,2do,B,7,No,Todas las personas en este salón utilizaron el cubre bocas continuamente el día de hoy,El purificador se utilizó la totalidad de tiempo de clase (sin contar tiempo de recreo),,Las ventanas estuvieron abiertas toda la jornada escolar de hoy,,La puerta estuvo abierta toda la jornada escolar de hoy,,Matutino,
9/15/2021 12:24:53,6to,A,8,No,Todas las personas en este salón utilizaron el cubre bocas continuamente el día de hoy,El purificador se utilizó la totalidad de tiempo de clase (sin contar tiempo de recreo),,Las ventanas estuvieron abiertas toda la jornada escolar de hoy,,La puerta estuvo abierta toda la jornada escolar de hoy,,Matutino,
9/15/2021 12:25:45,3ero,A,6,No,Todas las personas en este salón utilizaron el cubre bocas continuamente el día de hoy,El purificador se utilizó la totalidad de tiempo de clase (sin contar tiempo de recreo),,Las ventanas estuvieron abiertas toda la jornada escolar de hoy,,La puerta estuvo abierta toda la jornada escolar de hoy,,Matutino,
9/15/2021 12:25:57,4to,A,4,No,Todas las personas en este salón utilizaron el cubre bocas continuamente el día de hoy,El purificador se utilizó la totalidad de tiempo de clase (sin contar tiempo de recreo),,Las ventanas estuvieron abiertas toda la jornada escolar de hoy,,La puerta estuvo abierta toda la jornada escolar de hoy,,Matutino,
9/15/2021 12:27:42,5to,B,5,No,Todas las personas en este salón utilizaron el cubre bocas continuamente el día de hoy,El purificador se utilizó la totalidad de tiempo de clase (sin contar tiempo de recreo),,Las ventanas estuvieron abiertas toda la jornada escolar de hoy,,La puerta estuvo abierta toda la jornada escolar de hoy,,Matutino,https://drive.google.com/open?id=1nARkNYpWbcZlYVteyABuXI29Xp3ATCwe
9/15/2021 12:29:18,5to,A,5,No,Todas las personas en este salón utilizaron el cubre bocas continuamente el día de hoy,El purificador se utilizó la totalidad de tiempo de clase (sin contar tiempo de recreo),,Las ventanas estuvieron abiertas toda la jornada escolar de hoy,,La puerta estuvo abierta toda la jornada escolar de hoy,,Matutino,
9/15/2021 12:29:51,6to,B,8,No,Todas las personas en este salón utilizaron el cubre bocas continuamente el día de hoy,El purificador se utilizó la totalidad de tiempo de clase (sin contar tiempo de recreo),,Las ventanas estuvieron abiertas toda la jornada escolar de hoy,,La puerta estuvo abierta toda la jornada escolar de hoy,,Matutino,
9/15/2021 12:32:34,1ero,A,5,No,Todas las personas en este salón utilizaron el cubre bocas continuamente el día de hoy,El purificador se utilizó la totalidad de tiempo de clase (sin contar tiempo de recreo),,Las ventanas estuvieron abiertas toda la jornada escolar de hoy,,La puerta estuvo abierta toda la jornada escolar de hoy,,Matutino,
9/15/2021 12:37:55,Otro,No aplica,4 personal de la UDEEI,No,Todas las personas en este salón utilizaron el cubre bocas continuamente el día de hoy,El purificador se utilizó la totalidad de tiempo de clase (sin contar tiempo de recreo),,Las ventanas estuvieron abiertas toda la jornada escolar de hoy,,La puerta estuvo abierta toda la jornada escolar de hoy,,Vespertino,https://drive.google.com/open?id=1DYOABpTyUPab9o9vQPrb5qHO0TRVzz51
9/15/2021 12:57:10,4to,B,7,No sabe,Todas las personas en este salón utilizaron el cubre bocas continuamente el día de hoy,El purificador se utilizó la totalidad de tiempo de clase (sin contar tiempo de recreo),,Las ventanas estuvieron abiertas toda la jornada escolar de hoy,,La puerta estuvo abierta toda la jornada escolar de hoy,,Matutino,
9/15/2021 13:04:56,3ero,B,8,No,Todas las personas en este salón utilizaron el cubre bocas continuamente el día de hoy,El purificador se utilizó la totalidad de tiempo de clase (sin contar tiempo de recreo),,Las ventanas estuvieron abiertas toda la jornada escolar de hoy,,La puerta estuvo abierta toda la jornada escolar de hoy,,Matutino,
9/15/2021 13:10:36,1ero,B,8,No,Todas las personas en este salón utilizaron el cubre bocas continuamente el día de hoy,El purificador se utilizó la totalidad de tiempo de clase (sin contar tiempo de recreo),,Las ventanas estuvieron abiertas toda la jornada escolar de hoy,,La puerta estuvo abierta toda la jornada escolar de hoy,,Matutino,https://drive.google.com/open?id=1MClb57wPjTnExTutxIwInG5h4VC1NgVU
9/15/2021 16:05:52,2do,A,8,No,Todas las personas en este salón utilizaron el cubre bocas continuamente el día de hoy,El purificador se utilizó la totalidad de tiempo de clase (sin contar tiempo de recreo),,Las ventanas estuvieron abiertas toda la jornada escolar de hoy,,La puerta estuvo abierta toda la jornada escolar de hoy,,Matutino,
9/17/2021 13:29:11,Otro,No aplica,2 personal UDEEI,No,Todas las personas en este salón utilizaron el cubre bocas continuamente el día de hoy,El purificador se utilizó la totalidad de tiempo de clase (sin contar tiempo de recreo),,Las ventanas estuvieron abiertas toda la jornada escolar de hoy,,La puerta estuvo abierta toda la jornada escolar de hoy,,Matutino,https://drive.google.com/open?id=15ciof1tpZ57Rq5tGvekWcX4zK7Cp1EcU
9/18/2021 22:49:06,2do,B,5,No,Todas las personas en este salón utilizaron el cubre bocas continuamente el día de hoy,El purificador se utilizó la totalidad de tiempo de clase (sin contar tiempo de recreo),,Las ventanas estuvieron abiertas toda la jornada escolar de hoy,,La puerta estuvo abierta toda la jornada escolar de hoy,,Matutino,
9/20/2021 12:18:57,6to,A,8,No,Todas las personas en este salón utilizaron el cubre bocas continuamente el día de hoy,El purificador se utilizó la totalidad de tiempo de clase (sin contar tiempo de recreo),,Las ventanas estuvieron abiertas toda la jornada escolar de hoy,,La puerta estuvo abierta toda la jornada escolar de hoy,,Matutino,
9/20/2021 12:23:06,5to,B,9,No,Todas las personas en este salón utilizaron el cubre bocas continuamente el día de hoy,El purificador se utilizó la totalidad de tiempo de clase (sin contar tiempo de recreo),,Las ventanas estuvieron abiertas toda la jornada escolar de hoy,,La puerta estuvo abierta toda la jornada escolar de hoy,,Matutino,
9/20/2021 12:25:15,6to,B,9,No,Todas las personas en este salón utilizaron el cubre bocas continuamente el día de hoy,El purificador se utilizó la totalidad de tiempo de clase (sin contar tiempo de recreo),,Las ventanas estuvieron abiertas toda la jornada escolar de hoy,,La puerta estuvo abierta toda la jornada escolar de hoy,,Matutino,
9/20/2021 12:26:30,1ero,B,5,No,Todas las personas en este salón utilizaron el cubre bocas continuamente el día de hoy,El purificador se utilizó la totalidad de tiempo de clase (sin contar tiempo de recreo),,Las ventanas estuvieron abiertas toda la jornada escolar de hoy,,La puerta estuvo abierta toda la jornada escolar de hoy,,Matutino,
9/20/2021 12:26:47,3ero,A,10,No,Todas las personas en este salón utilizaron el cubre bocas continuamente el día de hoy,El purificador se utilizó la totalidad de tiempo de clase (sin contar tiempo de recreo),,Las ventanas estuvieron abiertas toda la jornada escolar de hoy,,La puerta estuvo abierta toda la jornada escolar de hoy,,Matutino,
9/20/2021 12:28:45,4to,B,7,No sabe,Todas las personas en este salón utilizaron el cubre bocas continuamente el día de hoy,El purificador se utilizó la totalidad de tiempo de clase (sin contar tiempo de recreo),,Las ventanas estuvieron abiertas toda la jornada escolar de hoy,,La puerta estuvo abierta toda la jornada escolar de hoy,,Matutino,
9/20/2021 12:28:55,4to,A,7,No,Todas las personas en este salón utilizaron el cubre bocas continuamente el día de hoy,El purificador se utilizó la totalidad de tiempo de clase (sin contar tiempo de recreo),,Las ventanas estuvieron abiertas toda la jornada escolar de hoy,,La puerta estuvo abierta toda la jornada escolar de hoy,,Matutino,
9/20/2021 12:30:51,1ero,A,5,No,Todas las personas en este salón utilizaron el cubre bocas continuamente el día de hoy,El purificador se utilizó la totalidad de tiempo de clase (sin contar tiempo de recreo),,Las ventanas estuvieron abiertas toda la jornada escolar de hoy,,La puerta estuvo abierta toda la jornada escolar de hoy,,Matutino,
9/20/2021 12:32:59,3ero,B,8,No,Todas las personas en este salón utilizaron el cubre bocas continuamente el día de hoy,El purificador se utilizó la totalidad de tiempo de clase (sin contar tiempo de recreo),,Las ventanas estuvieron abiertas toda la jornada escolar de hoy,,La puerta estuvo abierta toda la jornada escolar de hoy,,Matutino,
9/20/2021 12:33:00,5to,A,7,No,Todas las personas en este salón utilizaron el cubre bocas continuamente el día de hoy,El purificador se utilizó la totalidad de tiempo de clase (sin contar tiempo de recreo),,Las ventanas estuvieron abiertas toda la jornada escolar de hoy,,La puerta estuvo abierta toda la jornada escolar de hoy,,Matutino,
9/20/2021 12:34:17,2do,B,5,No,Todas las personas en este salón utilizaron el cubre bocas continuamente el día de hoy,El purificador se utilizó la totalidad de tiempo de clase (sin contar tiempo de recreo),,Las ventanas estuvieron abiertas toda la jornada escolar de hoy,,La puerta estuvo abierta toda la jornada escolar de hoy,,Matutino,
9/20/2021 12:39:27,2do,A,9,No,Todas las personas en este salón utilizaron el cubre bocas continuamente el día de hoy,El purificador se utilizó la totalidad de tiempo de clase (sin contar tiempo de recreo),,Las ventanas estuvieron abiertas toda la jornada escolar de hoy,,La puerta estuvo abierta toda la jornada escolar de hoy,,Matutino,
9/20/2021 13:21:38,Otro,No aplica,3 personal  Udeei,No sabe,Todas las personas en este salón utilizaron el cubre bocas continuamente el día de hoy,El purificador se utilizó la totalidad de tiempo de clase (sin contar tiempo de recreo),,Las ventanas estuvieron abiertas toda la jornada escolar de hoy,,La puerta estuvo abierta toda la jornada escolar de hoy,,Matutino,"https://drive.google.com/open?id=1lxW4zm0S9ruL-JAD2_AssGZGRb1mrPlF, https://drive.google.com/open?id=19ULARmxZtceSMUmIZbNoLBLMR3qCRsNl"
9/21/2021 12:05:36,3ero,A,3,No,Todas las personas en este salón utilizaron el cubre bocas continuamente el día de hoy,El purificador se utilizó la totalidad de tiempo de clase (sin contar tiempo de recreo),,Las ventanas estuvieron abiertas toda la jornada escolar de hoy,,La puerta estuvo abierta toda la jornada escolar de hoy,,Matutino,
9/21/2021 12:23:13,5to,B,10,No,Todas las personas en este salón utilizaron el cubre bocas continuamente el día de hoy,El purificador se utilizó la totalidad de tiempo de clase (sin contar tiempo de recreo),,Las ventanas estuvieron abiertas toda la jornada escolar de hoy,,La puerta estuvo abierta toda la jornada escolar de hoy,,Matutino,
9/21/2021 12:24:15,3ero,B,7,No,Todas las personas en este salón utilizaron el cubre bocas continuamente el día de hoy,El purificador se utilizó la totalidad de tiempo de clase (sin contar tiempo de recreo),,Las ventanas estuvieron abiertas toda la jornada escolar de hoy,,La puerta estuvo abierta toda la jornada escolar de hoy,,Matutino,
9/21/2021 12:25:06,4to,B,9,No sabe,Todas las personas en este salón utilizaron el cubre bocas continuamente el día de hoy,El purificador se utilizó la totalidad de tiempo de clase (sin contar tiempo de recreo),,Las ventanas estuvieron abiertas toda la jornada escolar de hoy,,La puerta estuvo abierta toda la jornada escolar de hoy,,Matutino,
9/21/2021 12:25:33,6to,A,8,No,Todas las personas en este salón utilizaron el cubre bocas continuamente el día de hoy,El purificador se utilizó la totalidad de tiempo de clase (sin contar tiempo de recreo),,Las ventanas estuvieron abiertas toda la jornada escolar de hoy,,La puerta estuvo abierta toda la jornada escolar de hoy,,Matutino,
9/21/2021 12:26:04,2do,B,4,No,Todas las personas en este salón utilizaron el cubre bocas continuamente el día de hoy,El purificador se utilizó la totalidad de tiempo de clase (sin contar tiempo de recreo),,Las ventanas estuvieron abiertas toda la jornada escolar de hoy,,La puerta estuvo abierta toda la jornada escolar de hoy,,Matutino,
9/21/2021 12:26:55,5to,A,8,No,Todas las personas en este salón utilizaron el cubre bocas continuamente el día de hoy,El purificador se utilizó la totalidad de tiempo de clase (sin contar tiempo de recreo),,Las ventanas estuvieron abiertas toda la jornada escolar de hoy,,La puerta estuvo abierta toda la jornada escolar de hoy,,Matutino,
9/21/2021 12:31:07,1ero,A,7,No,Todas las personas en este salón utilizaron el cubre bocas continuamente el día de hoy,El purificador se utilizó la totalidad de tiempo de clase (sin contar tiempo de recreo),,Las ventanas estuvieron abiertas toda la jornada escolar de hoy,,La puerta estuvo abierta toda la jornada escolar de hoy,,Matutino,
9/21/2021 13:38:33,2do,A,5,No,Todas las personas en este salón utilizaron el cubre bocas continuamente el día de hoy,El purificador se utilizó la totalidad de tiempo de clase (sin contar tiempo de recreo),,Las ventanas estuvieron abiertas toda la jornada escolar de hoy,,La puerta estuvo abierta toda la jornada escolar de hoy,,Matutino,
9/21/2021 15:44:36,1ero,B,6,No,Todas las personas en este salón utilizaron el cubre bocas continuamente el día de hoy,El purificador se utilizó la totalidad de tiempo de clase (sin contar tiempo de recreo),,Las ventanas estuvieron abiertas toda la jornada escolar de hoy,,La puerta estuvo abierta toda la jornada escolar de hoy,,Matutino,
9/22/2021 12:23:53,4to,B,7,No sabe,Todas las personas en este salón utilizaron el cubre bocas continuamente el día de hoy,El purificador se utilizó la totalidad de tiempo de clase (sin contar tiempo de recreo),,Las ventanas estuvieron abiertas toda la jornada escolar de hoy,,La puerta estuvo abierta toda la jornada escolar de hoy,,Matutino,
9/22/2021 12:24:14,1ero,B,8,No,Todas las personas en este salón utilizaron el cubre bocas continuamente el día de hoy,El purificador se utilizó la totalidad de tiempo de clase (sin contar tiempo de recreo),,Las ventanas estuvieron abiertas toda la jornada escolar de hoy,,La puerta estuvo abierta toda la jornada escolar de hoy,,Matutino,
9/22/2021 12:24:41,3ero,A,11,No,Todas las personas en este salón utilizaron el cubre bocas continuamente el día de hoy,El purificador se utilizó la totalidad de tiempo de clase (sin contar tiempo de recreo),,Las ventanas estuvieron abiertas toda la jornada escolar de hoy,,La puerta estuvo abierta toda la jornada escolar de hoy,,Matutino,
9/22/2021 12:24:48,1ero,A,6,No,Todas las personas en este salón utilizaron el cubre bocas continuamente el día de hoy,El purificador se utilizó la totalidad de tiempo de clase (sin contar tiempo de recreo),,Las ventanas estuvieron abiertas toda la jornada escolar de hoy,,La puerta estuvo abierta toda la jornada escolar de hoy,,Matutino,
9/22/2021 12:25:02,1ero,B,8,No,Todas las personas en este salón utilizaron el cubre bocas continuamente el día de hoy,El purificador se utilizó la totalidad de tiempo de clase (sin contar tiempo de recreo),,Las ventanas estuvieron abiertas toda la jornada escolar de hoy,,La puerta estuvo abierta toda la jornada escolar de hoy,,Matutino,
9/22/2021 12:26:08,6to,B,9,No,Todas las personas en este salón utilizaron el cubre bocas continuamente el día de hoy,El purificador se utilizó la totalidad de tiempo de clase (sin contar tiempo de recreo),,Las ventanas estuvieron abiertas toda la jornada escolar de hoy,,La puerta estuvo abierta toda la jornada escolar de hoy,,Matutino,
9/22/2021 12:26:39,5to,B,9,No,Todas las personas en este salón utilizaron el cubre bocas continuamente el día de hoy,El purificador se utilizó la totalidad de tiempo de clase (sin contar tiempo de recreo),,Las ventanas estuvieron abiertas toda la jornada escolar de hoy,,La puerta estuvo abierta toda la jornada escolar de hoy,,Matutino,
9/22/2021 12:32:17,3ero,B,7,No,Todas las personas en este salón utilizaron el cubre bocas continuamente el día de hoy,El purificador se utilizó la totalidad de tiempo de clase (sin contar tiempo de recreo),,Las ventanas estuvieron abiertas toda la jornada escolar de hoy,,La puerta estuvo abierta toda la jornada escolar de hoy,,Matutino,
9/22/2021 12:32:42,Otro,No aplica,7 personal UDEEI,No,Todas las personas en este salón utilizaron el cubre bocas continuamente el día de hoy,El purificador se utilizó la totalidad de tiempo de clase (sin contar tiempo de recreo),,Las ventanas estuvieron abiertas toda la jornada escolar de hoy,,La puerta estuvo abierta toda la jornada escolar de hoy,,Matutino,
9/22/2021 13:26:42,5to,A,6,No,Todas las personas en este salón utilizaron el cubre bocas continuamente el día de hoy,El purificador se utilizó la totalidad de tiempo de clase (sin contar tiempo de recreo),,Las ventanas estuvieron abiertas toda la jornada escolar de hoy,,La puerta estuvo abierta toda la jornada escolar de hoy,,Matutino,
9/22/2021 14:35:52,2do,A,8,No,Todas las personas en este salón utilizaron el cubre bocas continuamente el día de hoy,El purificador se utilizó la totalidad de tiempo de clase (sin contar tiempo de recreo),,Las ventanas estuvieron abiertas toda la jornada escolar de hoy,,La puerta estuvo abierta toda la jornada escolar de hoy,,Matutino,
9/23/2021 12:28:03,4to,B,9,No sabe,Todas las personas en este salón utilizaron el cubre bocas continuamente el día de hoy,El purificador se utilizó la totalidad de tiempo de clase (sin contar tiempo de recreo),,Las ventanas estuvieron abiertas toda la jornada escolar de hoy,,La puerta estuvo abierta toda la jornada escolar de hoy,,Matutino,
9/23/2021 12:29:17,1ero,A,6,No,Todas las personas en este salón utilizaron el cubre bocas continuamente el día de hoy,El purificador se utilizó la totalidad de tiempo de clase (sin contar tiempo de recreo),,Las ventanas estuvieron abiertas toda la jornada escolar de hoy,,La puerta estuvo abierta toda la jornada escolar de hoy,,Matutino,
9/23/2021 12:29:41,6to,B,7,No,Todas las personas en este salón utilizaron el cubre bocas continuamente el día de hoy,El purificador se utilizó la totalidad de tiempo de clase (sin contar tiempo de recreo),,Las ventanas estuvieron abiertas toda la jornada escolar de hoy,,La puerta estuvo abierta toda la jornada escolar de hoy,,Matutino,
9/23/2021 12:29:42,1ero,B,6,No,Todas las personas en este salón utilizaron el cubre bocas continuamente el día de hoy,El purificador se utilizó la totalidad de tiempo de clase (sin contar tiempo de recreo),,Las ventanas estuvieron abiertas toda la jornada escolar de hoy,,La puerta estuvo abierta toda la jornada escolar de hoy,,Matutino,
9/23/2021 12:30:21,5to,B,11,No,Todas las personas en este salón utilizaron el cubre bocas continuamente el día de hoy,El purificador se utilizó la totalidad de tiempo de clase (sin contar tiempo de recreo),,Las ventanas estuvieron abiertas toda la jornada escolar de hoy,,La puerta estuvo abierta toda la jornada escolar de hoy,,Matutino,
9/23/2021 12:31:00,6to,A,8,No,Todas las personas en este salón utilizaron el cubre bocas continuamente el día de hoy,El purificador se utilizó la totalidad de tiempo de clase (sin contar tiempo de recreo),,Las ventanas estuvieron abiertas toda la jornada escolar de hoy,,La puerta estuvo abierta toda la jornada escolar de hoy,,Matutino,
9/23/2021 12:31:37,3ero,A,4,No,Todas las personas en este salón utilizaron el cubre bocas continuamente el día de hoy,El purificador se utilizó la totalidad de tiempo de clase (sin contar tiempo de recreo),,Las ventanas estuvieron abiertas toda la jornada escolar de hoy,,La puerta estuvo abierta toda la jornada escolar de hoy,,Matutino,
9/23/2021 13:00:31,2do,A,5 alumnos ,No,Todas las personas en este salón utilizaron el cubre bocas continuamente el día de hoy,El purificador se utilizó la totalidad de tiempo de clase (sin contar tiempo de recreo),,Las ventanas estuvieron abiertas toda la jornada escolar de hoy,,La puerta estuvo abierta toda la jornada escolar de hoy,,Matutino,
9/24/2021 12:22:45,4to,A,10,No,Todas las personas en este salón utilizaron el cubre bocas continuamente el día de hoy,El purificador se utilizó la totalidad de tiempo de clase (sin contar tiempo de recreo),,Las ventanas estuvieron abiertas toda la jornada escolar de hoy,,La puerta estuvo abierta toda la jornada escolar de hoy,,Matutino,
9/24/2021 12:24:44,6to,B,15,No,Todas las personas en este salón utilizaron el cubre bocas continuamente el día de hoy,El purificador se utilizó la totalidad de tiempo de clase (sin contar tiempo de recreo),,Las ventanas estuvieron abiertas toda la jornada escolar de hoy,,La puerta estuvo abierta toda la jornada escolar de hoy,,Matutino,
9/24/2021 12:27:21,1ero,A,9,No,Todas las personas en este salón utilizaron el cubre bocas continuamente el día de hoy,El purificador se utilizó la totalidad de tiempo de clase (sin contar tiempo de recreo),,Las ventanas estuvieron abiertas toda la jornada escolar de hoy,,La puerta estuvo abierta toda la jornada escolar de hoy,,Matutino,
9/24/2021 12:28:27,4to,B,9,No sabe,Todas las personas en este salón utilizaron el cubre bocas continuamente el día de hoy,El purificador se utilizó la totalidad de tiempo de clase (sin contar tiempo de recreo),,Las ventanas estuvieron abiertas toda la jornada escolar de hoy,,La puerta estuvo abierta toda la jornada escolar de hoy,,Matutino,
9/24/2021 12:31:36,5to,B,9,No,Todas las personas en este salón utilizaron el cubre bocas continuamente el día de hoy,El purificador se utilizó la totalidad de tiempo de clase (sin contar tiempo de recreo),,Las ventanas estuvieron abiertas toda la jornada escolar de hoy,,La puerta estuvo abierta toda la jornada escolar de hoy,,Matutino,
9/24/2021 13:08:54,Otro,No aplica,5,No sabe,Todas las personas en este salón utilizaron el cubre bocas continuamente el día de hoy,El purificador se utilizó la totalidad de tiempo de clase (sin contar tiempo de recreo),,Las ventanas estuvieron abiertas toda la jornada escolar de hoy,,La puerta estuvo abierta toda la jornada escolar de hoy,,Matutino,
9/24/2021 13:44:00,2do,A,13 alumnos ,No,Todas las personas en este salón utilizaron el cubre bocas continuamente el día de hoy,El purificador se utilizó la totalidad de tiempo de clase (sin contar tiempo de recreo),,Las ventanas estuvieron abiertas toda la jornada escolar de hoy,,La puerta estuvo abierta toda la jornada escolar de hoy,,Matutino,
9/27/2021 12:20:08,5to,A,7,No,Todas las personas en este salón utilizaron el cubre bocas continuamente el día de hoy,El purificador se utilizó la totalidad de tiempo de clase (sin contar tiempo de recreo),,Las ventanas estuvieron abiertas toda la jornada escolar de hoy,,La puerta estuvo abierta toda la jornada escolar de hoy,,Matutino,
9/27/2021 12:24:10,6to,A,9,No,Todas las personas en este salón utilizaron el cubre bocas continuamente el día de hoy,El purificador se utilizó la totalidad de tiempo de clase (sin contar tiempo de recreo),,Las ventanas estuvieron abiertas toda la jornada escolar de hoy,,La puerta estuvo abierta toda la jornada escolar de hoy,,Matutino,
9/27/2021 12:24:17,3ero,A,11,No,Todas las personas en este salón utilizaron el cubre bocas continuamente el día de hoy,El purificador se utilizó la totalidad de tiempo de clase (sin contar tiempo de recreo),,Las ventanas estuvieron abiertas toda la jornada escolar de hoy,,La puerta estuvo abierta toda la jornada escolar de hoy,,Matutino,
9/27/2021 12:24:54,4to,B,8,No sabe,Todas las personas en este salón utilizaron el cubre bocas continuamente el día de hoy,El purificador se utilizó la totalidad de tiempo de clase (sin contar tiempo de recreo),,Las ventanas estuvieron abiertas toda la jornada escolar de hoy,,La puerta estuvo abierta toda la jornada escolar de hoy,,Matutino,
9/27/2021 12:25:40,3ero,B,7,No,Todas las personas en este salón utilizaron el cubre bocas continuamente el día de hoy,El purificador se utilizó la totalidad de tiempo de clase (sin contar tiempo de recreo),,Las ventanas estuvieron abiertas toda la jornada escolar de hoy,,La puerta estuvo abierta toda la jornada escolar de hoy,,Matutino,
9/27/2021 12:26:52,1ero,A,5,No,Todas las personas en este salón utilizaron el cubre bocas continuamente el día de hoy,El purificador se utilizó la totalidad de tiempo de clase (sin contar tiempo de recreo),,Las ventanas estuvieron abiertas toda la jornada escolar de hoy,,La puerta estuvo abierta toda la jornada escolar de hoy,,Matutino,
9/27/2021 12:27:26,6to,B,9,No,Todas las personas en este salón utilizaron el cubre bocas continuamente el día de hoy,El purificador se utilizó la totalidad de tiempo de clase (sin contar tiempo de recreo),,Las ventanas estuvieron abiertas toda la jornada escolar de hoy,,La puerta estuvo abierta toda la jornada escolar de hoy,,Matutino,
9/27/2021 12:28:05,5to,B,7,No,Todas las personas en este salón utilizaron el cubre bocas continuamente el día de hoy,El purificador se utilizó la totalidad de tiempo de clase (sin contar tiempo de recreo),,Las ventanas estuvieron abiertas toda la jornada escolar de hoy,,La puerta estuvo abierta toda la jornada escolar de hoy,,Matutino,
9/27/2021 12:34:50,2do,B,5,No,Todas las personas en este salón utilizaron el cubre bocas continuamente el día de hoy,El purificador se utilizó la totalidad de tiempo de clase (sin contar tiempo de recreo),,Las ventanas estuvieron abiertas toda la jornada escolar de hoy,,La puerta estuvo abierta toda la jornada escolar de hoy,,Matutino,
9/27/2021 13:48:55,2do,A,8 alumnos ,No,Todas las personas en este salón utilizaron el cubre bocas continuamente el día de hoy,El purificador se utilizó la totalidad de tiempo de clase (sin contar tiempo de recreo),,Las ventanas estuvieron abiertas toda la jornada escolar de hoy,,La puerta estuvo abierta toda la jornada escolar de hoy,,Matutino,
9/27/2021 18:07:19,1ero,B,6,No,Todas las personas en este salón utilizaron el cubre bocas continuamente el día de hoy,El purificador se utilizó la totalidad de tiempo de clase (sin contar tiempo de recreo),,Las ventanas estuvieron abiertas toda la jornada escolar de hoy,,La puerta estuvo abierta toda la jornada escolar de hoy,,Matutino,
9/28/2021 12:27:39,4to,B,8,No sabe,Todas las personas en este salón utilizaron el cubre bocas continuamente el día de hoy,El purificador se utilizó la totalidad de tiempo de clase (sin contar tiempo de recreo),,Las ventanas estuvieron abiertas toda la jornada escolar de hoy,,La puerta estuvo abierta toda la jornada escolar de hoy,,Matutino,
9/28/2021 12:28:51,6to,B,7,No,Todas las personas en este salón utilizaron el cubre bocas continuamente el día de hoy,El purificador se utilizó la totalidad de tiempo de clase (sin contar tiempo de recreo),,Las ventanas estuvieron abiertas toda la jornada escolar de hoy,,La puerta estuvo abierta toda la jornada escolar de hoy,,Matutino,
9/28/2021 12:29:29,4to,A,10,No,Todas las personas en este salón utilizaron el cubre bocas continuamente el día de hoy,El purificador se utilizó la totalidad de tiempo de clase (sin contar tiempo de recreo),,Las ventanas estuvieron abiertas toda la jornada escolar de hoy,,La puerta estuvo abierta toda la jornada escolar de hoy,,Matutino,
9/28/2021 12:30:07,3ero,A,5,No,Todas las personas en este salón utilizaron el cubre bocas continuamente el día de hoy,El purificador se utilizó la totalidad de tiempo de clase (sin contar tiempo de recreo),,Las ventanas estuvieron abiertas toda la jornada escolar de hoy,,La puerta estuvo abierta toda la jornada escolar de hoy,,Matutino,
9/28/2021 12:31:11,3ero,B,8,No,Todas las personas en este salón utilizaron el cubre bocas continuamente el día de hoy,El purificador se utilizó la totalidad de tiempo de clase (sin contar tiempo de recreo),,Las ventanas estuvieron abiertas toda la jornada escolar de hoy,,La puerta estuvo abierta toda la jornada escolar de hoy,,Matutino,
9/28/2021 12:31:15,1ero,A,8,No,Todas las personas en este salón utilizaron el cubre bocas continuamente el día de hoy,El purificador se utilizó la totalidad de tiempo de clase (sin contar tiempo de recreo),,Las ventanas estuvieron abiertas toda la jornada escolar de hoy,,La puerta estuvo abierta toda la jornada escolar de hoy,,Matutino,
9/28/2021 12:31:49,5to,B,11,No,Todas las personas en este salón utilizaron el cubre bocas continuamente el día de hoy,El purificador se utilizó la totalidad de tiempo de clase (sin contar tiempo de recreo),,Las ventanas estuvieron abiertas toda la jornada escolar de hoy,,La puerta estuvo abierta toda la jornada escolar de hoy,,Matutino,
9/28/2021 12:32:09,5to,A,9,No,Todas las personas en este salón utilizaron el cubre bocas continuamente el día de hoy,El purificador se utilizó la totalidad de tiempo de clase (sin contar tiempo de recreo),,Las ventanas estuvieron abiertas toda la jornada escolar de hoy,,La puerta estuvo abierta toda la jornada escolar de hoy,,Matutino,
9/28/2021 12:33:39,6to,A,8,No,Todas las personas en este salón utilizaron el cubre bocas continuamente el día de hoy,El purificador se utilizó la totalidad de tiempo de clase (sin contar tiempo de recreo),,Las ventanas estuvieron abiertas toda la jornada escolar de hoy,,La puerta estuvo abierta toda la jornada escolar de hoy,,Matutino,
9/28/2021 12:38:04,1ero,B,5,No,Todas las personas en este salón utilizaron el cubre bocas continuamente el día de hoy,El purificador se utilizó la totalidad de tiempo de clase (sin contar tiempo de recreo),,Las ventanas estuvieron abiertas toda la jornada escolar de hoy,,La puerta estuvo abierta toda la jornada escolar de hoy,,Matutino,
9/28/2021 13:56:00,2do,A,8 alumnos,No,Todas las personas en este salón utilizaron el cubre bocas continuamente el día de hoy,El purificador se utilizó la totalidad de tiempo de clase (sin contar tiempo de recreo),,Las ventanas estuvieron abiertas toda la jornada escolar de hoy,,La puerta estuvo abierta toda la jornada escolar de hoy,,Matutino,
9/29/2021 12:24:51,6to,A,Tres,No,Todas las personas en este salón utilizaron el cubre bocas continuamente el día de hoy,El purificador se utilizó la totalidad de tiempo de clase (sin contar tiempo de recreo),,Las ventanas estuvieron abiertas toda la jornada escolar de hoy,,La puerta estuvo abierta toda la jornada escolar de hoy,,Matutino,
9/29/2021 12:27:39,6to,B,9,No,Todas las personas en este salón utilizaron el cubre bocas continuamente el día de hoy,El purificador se utilizó la totalidad de tiempo de clase (sin contar tiempo de recreo),,Las ventanas estuvieron abiertas toda la jornada escolar de hoy,,La puerta estuvo abierta toda la jornada escolar de hoy,,Matutino,
9/29/2021 12:29:24,3ero,A,11,No,Todas las personas en este salón utilizaron el cubre bocas continuamente el día de hoy,El purificador se utilizó la totalidad de tiempo de clase (sin contar tiempo de recreo),,Las ventanas estuvieron abiertas toda la jornada escolar de hoy,,La puerta estuvo abierta toda la jornada escolar de hoy,,Matutino,
9/29/2021 12:29:45,4to,B,8,No sabe,Todas las personas en este salón utilizaron el cubre bocas continuamente el día de hoy,El purificador se utilizó la totalidad de tiempo de clase (sin contar tiempo de recreo),,Las ventanas estuvieron abiertas toda la jornada escolar de hoy,,La puerta estuvo abierta toda la jornada escolar de hoy,,Matutino,
9/29/2021 12:29:55,1ero,A,7,No,Todas las personas en este salón utilizaron el cubre bocas continuamente el día de hoy,El purificador se utilizó la totalidad de tiempo de clase (sin contar tiempo de recreo),,Las ventanas estuvieron abiertas toda la jornada escolar de hoy,,La puerta estuvo abierta toda la jornada escolar de hoy,,Matutino,
9/29/2021 13:29:37,2do,A,8 alumnos ,No,Todas las personas en este salón utilizaron el cubre bocas continuamente el día de hoy,El purificador se utilizó la totalidad de tiempo de clase (sin contar tiempo de recreo),,Las ventanas estuvieron abiertas toda la jornada escolar de hoy,,La puerta estuvo abierta toda la jornada escolar de hoy,,Matutino,
9/29/2021 15:06:06,2do,B,5,No,Todas las personas en este salón utilizaron el cubre bocas continuamente el día de hoy,El purificador se utilizó la totalidad de tiempo de clase (sin contar tiempo de recreo),,Las ventanas estuvieron abiertas toda la jornada escolar de hoy,,La puerta estuvo abierta toda la jornada escolar de hoy,,Matutino,
9/29/2021 16:45:40,1ero,B,9,No,Todas las personas en este salón utilizaron el cubre bocas continuamente el día de hoy,El purificador se utilizó la totalidad de tiempo de clase (sin contar tiempo de recreo),,Las ventanas estuvieron abiertas toda la jornada escolar de hoy,,La puerta estuvo abierta toda la jornada escolar de hoy,,Matutino,
9/30/2021 9:15:11,5to,A,7,No,Todas las personas en este salón utilizaron el cubre bocas continuamente el día de hoy,El purificador se utilizó la totalidad de tiempo de clase (sin contar tiempo de recreo),,Las ventanas estuvieron abiertas toda la jornada escolar de hoy,,La puerta estuvo abierta toda la jornada escolar de hoy,,Matutino,
9/30/2021 12:27:16,3ero,A,5,No,Todas las personas en este salón utilizaron el cubre bocas continuamente el día de hoy,El purificador se utilizó la totalidad de tiempo de clase (sin contar tiempo de recreo),,Las ventanas estuvieron abiertas toda la jornada escolar de hoy,,La puerta estuvo abierta toda la jornada escolar de hoy,,Matutino,
9/30/2021 12:27:28,4to,B,8,No sabe,Todas las personas en este salón utilizaron el cubre bocas continuamente el día de hoy,El purificador se utilizó la totalidad de tiempo de clase (sin contar tiempo de recreo),,Las ventanas estuvieron abiertas toda la jornada escolar de hoy,,La puerta estuvo abierta toda la jornada escolar de hoy,,Matutino,
9/30/2021 12:27:40,5to,B,11,No,Todas las personas en este salón utilizaron el cubre bocas continuamente el día de hoy,El purificador se utilizó la totalidad de tiempo de clase (sin contar tiempo de recreo),,Las ventanas estuvieron abiertas toda la jornada escolar de hoy,,La puerta estuvo abierta toda la jornada escolar de hoy,,Matutino,
9/30/2021 12:28:03,1ero,B,5,No,Todas las personas en este salón utilizaron el cubre bocas continuamente el día de hoy,El purificador se utilizó la totalidad de tiempo de clase (sin contar tiempo de recreo),,Las ventanas estuvieron abiertas toda la jornada escolar de hoy,,La puerta estuvo abierta toda la jornada escolar de hoy,,Matutino,
9/30/2021 12:28:40,6to,B,7,No,Todas las personas en este salón utilizaron el cubre bocas continuamente el día de hoy,El purificador se utilizó la totalidad de tiempo de clase (sin contar tiempo de recreo),,Las ventanas estuvieron abiertas toda la jornada escolar de hoy,,La puerta estuvo abierta toda la jornada escolar de hoy,,Matutino,
9/30/2021 12:30:10,6to,A,7,No,Todas las personas en este salón utilizaron el cubre bocas continuamente el día de hoy,El purificador se utilizó la totalidad de tiempo de clase (sin contar tiempo de recreo),,Las ventanas estuvieron abiertas toda la jornada escolar de hoy,,La puerta estuvo abierta toda la jornada escolar de hoy,,Matutino,
9/30/2021 12:32:23,3ero,B,8,No,Todas las personas en este salón utilizaron el cubre bocas continuamente el día de hoy,El purificador se utilizó la totalidad de tiempo de clase (sin contar tiempo de recreo),,Las ventanas estuvieron abiertas toda la jornada escolar de hoy,,La puerta estuvo abierta toda la jornada escolar de hoy,,Matutino,
9/30/2021 12:32:51,2do,B,6,No,Todas las personas en este salón utilizaron el cubre bocas continuamente el día de hoy,El purificador se utilizó la totalidad de tiempo de clase (sin contar tiempo de recreo),,Las ventanas estuvieron abiertas toda la jornada escolar de hoy,,La puerta estuvo abierta toda la jornada escolar de hoy,,Matutino,
9/30/2021 12:33:02,1ero,A,8,No,Todas las personas en este salón utilizaron el cubre bocas continuamente el día de hoy,El purificador se utilizó la totalidad de tiempo de clase (sin contar tiempo de recreo),,Las ventanas estuvieron abiertas toda la jornada escolar de hoy,,La puerta estuvo abierta toda la jornada escolar de hoy,,Matutino,
9/30/2021 12:33:44,5to,A,9,No,Todas las personas en este salón utilizaron el cubre bocas continuamente el día de hoy,El purificador se utilizó la totalidad de tiempo de clase (sin contar tiempo de recreo),,Las ventanas estuvieron abiertas toda la jornada escolar de hoy,,La puerta estuvo abierta toda la jornada escolar de hoy,,Matutino,
9/30/2021 14:48:24,2do,A,6 alumnos ,No,Todas las personas en este salón utilizaron el cubre bocas continuamente el día de hoy,El purificador se utilizó la totalidad de tiempo de clase (sin contar tiempo de recreo),,Las ventanas estuvieron abiertas toda la jornada escolar de hoy,,La puerta estuvo abierta toda la jornada escolar de hoy,,Matutino,
10/4/2021 12:21:28,5to,A,5,No,Todas las personas en este salón utilizaron el cubre bocas continuamente el día de hoy,El purificador se utilizó la totalidad de tiempo de clase (sin contar tiempo de recreo),,Las ventanas estuvieron abiertas toda la jornada escolar de hoy,,La puerta estuvo abierta toda la jornada escolar de hoy,,Matutino,
10/4/2021 12:24:59,4to,B,8,No sabe,Todas las personas en este salón utilizaron el cubre bocas continuamente el día de hoy,El purificador se utilizó la totalidad de tiempo de clase (sin contar tiempo de recreo),,Las ventanas estuvieron abiertas toda la jornada escolar de hoy,,La puerta estuvo abierta toda la jornada escolar de hoy,,Matutino,
10/4/2021 12:26:36,4to,A,11,No,Todas las personas en este salón utilizaron el cubre bocas continuamente el día de hoy,El purificador se utilizó la totalidad de tiempo de clase (sin contar tiempo de recreo),,Las ventanas estuvieron abiertas toda la jornada escolar de hoy,,La puerta estuvo abierta toda la jornada escolar de hoy,,Matutino,
10/4/2021 12:26:58,1ero,B,9,No,Todas las personas en este salón utilizaron el cubre bocas continuamente el día de hoy,El purificador se utilizó la totalidad de tiempo de clase (sin contar tiempo de recreo),,Las ventanas estuvieron abiertas toda la jornada escolar de hoy,,La puerta estuvo abierta toda la jornada escolar de hoy,,Matutino,
10/4/2021 12:27:17,6to,A,10,No,Todas las personas en este salón utilizaron el cubre bocas continuamente el día de hoy,El purificador se utilizó la totalidad de tiempo de clase (sin contar tiempo de recreo),,Las ventanas estuvieron abiertas toda la jornada escolar de hoy,,La puerta estuvo abierta toda la jornada escolar de hoy,,Matutino,
10/4/2021 12:28:00,3ero,A,10,No,Todas las personas en este salón utilizaron el cubre bocas continuamente el día de hoy,El purificador se utilizó la totalidad de tiempo de clase (sin contar tiempo de recreo),,Las ventanas estuvieron abiertas toda la jornada escolar de hoy,,La puerta estuvo abierta toda la jornada escolar de hoy,,Matutino,
10/4/2021 12:29:35,5to,B,8,No,Todas las personas en este salón utilizaron el cubre bocas continuamente el día de hoy,El purificador se utilizó la totalidad de tiempo de clase (sin contar tiempo de recreo),,Las ventanas estuvieron abiertas toda la jornada escolar de hoy,,La puerta estuvo abierta toda la jornada escolar de hoy,,Matutino,
10/4/2021 12:31:42,6to,B,9,No,Todas las personas en este salón utilizaron el cubre bocas continuamente el día de hoy,El purificador se utilizó la totalidad de tiempo de clase (sin contar tiempo de recreo),,Las ventanas estuvieron abiertas toda la jornada escolar de hoy,,La puerta estuvo abierta toda la jornada escolar de hoy,,Matutino,
10/4/2021 12:32:12,2do,B,4,No,Todas las personas en este salón utilizaron el cubre bocas continuamente el día de hoy,El purificador se utilizó la totalidad de tiempo de clase (sin contar tiempo de recreo),,Las ventanas estuvieron abiertas toda la jornada escolar de hoy,,La puerta estuvo abierta toda la jornada escolar de hoy,,Matutino,
10/4/2021 12:35:05,1ero,A,7,No,Todas las personas en este salón utilizaron el cubre bocas continuamente el día de hoy,El purificador se utilizó la totalidad de tiempo de clase (sin contar tiempo de recreo),,Las ventanas estuvieron abiertas toda la jornada escolar de hoy,,La puerta estuvo abierta toda la jornada escolar de hoy,,Matutino,
10/4/2021 19:25:07,2do,A,9 alumnos ,No,Todas las personas en este salón utilizaron el cubre bocas continuamente el día de hoy,El purificador se utilizó la totalidad de tiempo de clase (sin contar tiempo de recreo),,Las ventanas estuvieron abiertas toda la jornada escolar de hoy,,La puerta estuvo abierta toda la jornada escolar de hoy,,Matutino,
10/5/2021 12:21:05,3ero,A,4,No,Todas las personas en este salón utilizaron el cubre bocas continuamente el día de hoy,El purificador se utilizó la totalidad de tiempo de clase (sin contar tiempo de recreo),,Las ventanas estuvieron abiertas toda la jornada escolar de hoy,,La puerta estuvo abierta toda la jornada escolar de hoy,,Matutino,
10/5/2021 12:23:57,5to,A,8,No,Todas las personas en este salón utilizaron el cubre bocas continuamente el día de hoy,El purificador se utilizó la totalidad de tiempo de clase (sin contar tiempo de recreo),,Las ventanas estuvieron abiertas toda la jornada escolar de hoy,,La puerta estuvo abierta toda la jornada escolar de hoy,,Matutino,
10/5/2021 12:26:54,1ero,B,6,No,Todas las personas en este salón utilizaron el cubre bocas continuamente el día de hoy,El purificador se utilizó la totalidad de tiempo de clase (sin contar tiempo de recreo),,Las ventanas estuvieron abiertas toda la jornada escolar de hoy,,La puerta estuvo abierta toda la jornada escolar de hoy,,Matutino,
10/5/2021 12:27:01,4to,B,11,No sabe,Todas las personas en este salón utilizaron el cubre bocas continuamente el día de hoy,El purificador se utilizó la totalidad de tiempo de clase (sin contar tiempo de recreo),,Las ventanas estuvieron abiertas toda la jornada escolar de hoy,,La puerta estuvo abierta toda la jornada escolar de hoy,,Matutino,
10/5/2021 12:27:41,1ero,A,6,No,Todas las personas en este salón utilizaron el cubre bocas continuamente el día de hoy,El purificador se utilizó la totalidad de tiempo de clase (sin contar tiempo de recreo),,Las ventanas estuvieron abiertas toda la jornada escolar de hoy,,La puerta estuvo abierta toda la jornada escolar de hoy,,Matutino,
10/5/2021 12:30:56,5to,B,10,No,Todas las personas en este salón utilizaron el cubre bocas continuamente el día de hoy,El purificador se utilizó la totalidad de tiempo de clase (sin contar tiempo de recreo),,Las ventanas estuvieron abiertas toda la jornada escolar de hoy,,La puerta estuvo abierta toda la jornada escolar de hoy,,Matutino,
10/5/2021 12:35:11,6to,B,10,No,Todas las personas en este salón utilizaron el cubre bocas continuamente el día de hoy,El purificador se utilizó la totalidad de tiempo de clase (sin contar tiempo de recreo),,Las ventanas estuvieron abiertas toda la jornada escolar de hoy,,La puerta estuvo abierta toda la jornada escolar de hoy,,Matutino,
10/5/2021 15:45:29,2do,A,7 alumnos ,No,Todas las personas en este salón utilizaron el cubre bocas continuamente el día de hoy,El purificador se utilizó la totalidad de tiempo de clase (sin contar tiempo de recreo),,Las ventanas estuvieron abiertas toda la jornada escolar de hoy,,La puerta estuvo abierta toda la jornada escolar de hoy,,Matutino,
10/5/2021 21:13:21,2do,B,7,No,Todas las personas en este salón utilizaron el cubre bocas continuamente el día de hoy,El purificador se utilizó la totalidad de tiempo de clase (sin contar tiempo de recreo),,Las ventanas permanecieron cerradas toda la jornada escolar de hoy,Los alumnos no alcanzaban a escuchar las indicaciones ,La puerta estuvo abierta toda la jornada escolar de hoy,,Matutino,